-- --------------------------------------------------------
-- 主机:                           127.0.0.1
-- 服务器版本:                        8.0.27 - MySQL Community Server - GPL
-- 服务器操作系统:                      Win64
-- HeidiSQL 版本:                  10.2.0.5704
-- --------------------------------------------------------

/*!40101 SET @OLD_CHARACTER_SET_CLIENT=@@CHARACTER_SET_CLIENT */;
/*!40101 SET NAMES utf8 */;
/*!50503 SET NAMES utf8mb4 */;
/*!40014 SET @OLD_FOREIGN_KEY_CHECKS=@@FOREIGN_KEY_CHECKS, FOREIGN_KEY_CHECKS=0 */;
/*!40101 SET @OLD_SQL_MODE=@@SQL_MODE, SQL_MODE='NO_AUTO_VALUE_ON_ZERO' */;


-- 导出 mango_blog 的数据库结构
DROP DATABASE IF EXISTS `mango_blog`;
CREATE DATABASE IF NOT EXISTS `mango_blog` /*!40100 DEFAULT CHARACTER SET utf8mb4 COLLATE utf8mb4_0900_ai_ci */ /*!80016 DEFAULT ENCRYPTION='N' */;
USE `mango_blog`;

-- 导出  表 mango_blog.t_admin 结构
DROP TABLE IF EXISTS `t_admin`;
CREATE TABLE IF NOT EXISTS `t_admin` (
  `id` varchar(19) CHARACTER SET utf8 COLLATE utf8_general_ci NOT NULL COMMENT '唯一id',
  `username` varchar(255) CHARACTER SET utf8 COLLATE utf8_general_ci NOT NULL COMMENT '用户名',
  `password` varchar(255) CHARACTER SET utf8 COLLATE utf8_general_ci NOT NULL COMMENT '密码',
  `gender` tinyint(1) DEFAULT NULL COMMENT '性别(1:男2:女)',
  `avatar` varchar(225) CHARACTER SET utf8 COLLATE utf8_general_ci DEFAULT NULL COMMENT '个人头像',
  `email` varchar(60) DEFAULT NULL COMMENT '邮箱',
  `phone` varchar(11) CHARACTER SET utf8 COLLATE utf8_general_ci DEFAULT NULL COMMENT '手机',
  `login_count` int unsigned DEFAULT '0' COMMENT '登录次数',
  `last_login_time` timestamp NULL DEFAULT NULL COMMENT '最后登录时间',
  `last_login_ip` varchar(50) DEFAULT '127.0.0.1' COMMENT '最后登录IP',
  `create_time` timestamp NOT NULL COMMENT '创建时间',
  `update_time` timestamp NOT NULL COMMENT '更新时间',
  `nickname` varchar(255) CHARACTER SET utf8 COLLATE utf8_general_ci DEFAULT NULL COMMENT '昵称',
  `qq_number` varchar(255) DEFAULT NULL COMMENT 'QQ号',
  `we_chat` varchar(255) DEFAULT NULL COMMENT '微信号',
  `enabled` tinyint unsigned DEFAULT '0' COMMENT '账号状态1:启用0:禁用',
  `is_deleted` tinyint(1) DEFAULT '0' COMMENT '逻辑删除 1（true）已删除， 0（false）未删除',
  PRIMARY KEY (`id`)
) ENGINE=InnoDB DEFAULT CHARSET=utf8mb3 COMMENT='管理员表';

-- 正在导出表  mango_blog.t_admin 的数据：~2 rows (大约)
DELETE FROM `t_admin`;
/*!40000 ALTER TABLE `t_admin` DISABLE KEYS */;
INSERT INTO `t_admin` (`id`, `username`, `password`, `gender`, `avatar`, `email`, `phone`, `login_count`, `last_login_time`, `last_login_ip`, `create_time`, `update_time`, `nickname`, `qq_number`, `we_chat`, `enabled`, `is_deleted`) VALUES
	('1295268474480156673', 'admin', '$2a$10$ZYi1kqMMQczWDw86u76uPu79CneIE1G0h4dw89a4tjZhrQCWa8QaW', 1, 'https://lisite-blog.oss-cn-shanghai.aliyuncs.com/avatar/2022/04/04/d3b5c4c0-6734-4532-84c3-79a199997298-avatar.png', 'guang1997qqq@163.com', '18761616251', 37, '2022-05-16 09:33:09', '192.168.14.49', '2021-09-26 16:56:46', '2022-05-16 09:33:09', '李斯特', '872174823', '18761616251', 1, 0),
	('1595268474480156674', 'visitor', '$2a$10$Ak12ZqHxdWV4ooYfoWdNMuPGeN3NZzvgzsrtOj5WViECxU4FGrnBy', 1, 'https://guang1997.oss-cn-shanghai.aliyuncs.com/avatar/2020/07/22/index.jpg', '872174823@qq.com', '18888888888', 5, '2022-05-15 22:34:09', '192.168.1.7', '2021-12-02 22:01:22', '2022-05-15 22:34:09', '游客', '111111', '111111', 1, 0);
/*!40000 ALTER TABLE `t_admin` ENABLE KEYS */;

-- 导出  表 mango_blog.t_blog 结构
DROP TABLE IF EXISTS `t_blog`;
CREATE TABLE IF NOT EXISTS `t_blog` (
  `id` varchar(19) CHARACTER SET utf8 COLLATE utf8_general_ci NOT NULL COMMENT '唯一id',
  `title` varchar(200) CHARACTER SET utf8 COLLATE utf8_general_ci DEFAULT NULL COMMENT '博客标题',
  `summary` varchar(200) CHARACTER SET utf8 COLLATE utf8_general_ci DEFAULT NULL COMMENT '博客简介',
  `content` longtext CHARACTER SET utf8mb4 COLLATE utf8mb4_general_ci COMMENT '博客内容',
  `click_count` int DEFAULT '0' COMMENT '博客点击数',
  `like_count` int DEFAULT '0' COMMENT '博客点赞数',
  `file_id` varchar(255) CHARACTER SET utf8 COLLATE utf8_general_ci DEFAULT NULL COMMENT '标题图片id',
  `create_time` timestamp NOT NULL COMMENT '创建时间',
  `update_time` timestamp NOT NULL COMMENT '更新时间',
  `admin_id` varchar(19) CHARACTER SET utf8 COLLATE utf8_general_ci DEFAULT NULL COMMENT '管理员id',
  `author` varchar(255) DEFAULT NULL COMMENT '作者',
  `blog_sort_id` varchar(19) CHARACTER SET utf8 COLLATE utf8_general_ci DEFAULT NULL COMMENT '博客分类ID',
  `level` tinyint(1) DEFAULT '0' COMMENT '推荐等级(0:正常)',
  `sort` int NOT NULL DEFAULT '0' COMMENT '排序字段，越大越靠前',
  `open_comment` tinyint(1) NOT NULL DEFAULT '1' COMMENT '是否开启评论(0:否 1:是)',
  `is_deleted` tinyint unsigned NOT NULL DEFAULT '0' COMMENT '逻辑删除 1（true）已删除， 0（false）未删除',
  PRIMARY KEY (`id`)
) ENGINE=InnoDB DEFAULT CHARSET=utf8mb3 COMMENT='博客表';

-- 正在导出表  mango_blog.t_blog 的数据：~2 rows (大约)
DELETE FROM `t_blog`;
/*!40000 ALTER TABLE `t_blog` DISABLE KEYS */;
INSERT INTO `t_blog` (`id`, `title`, `summary`, `content`, `click_count`, `like_count`, `file_id`, `create_time`, `update_time`, `admin_id`, `author`, `blog_sort_id`, `level`, `sort`, `open_comment`, `is_deleted`) VALUES
	('1525471950331568130', 'www', 'www', '<p>www123</p><p><br></p><p><img src="data:image/jpeg;base64,/9j/4AAQSkZJRgABAQEASABIAAD/2wBDAAwICQoJBwwKCQoNDAwOER0TERAQESMZGxUdKiUsKyklKCguNEI4LjE/MigoOk46P0RHSktKLTdRV1FIVkJJSkf/2wBDAQwNDREPESITEyJHMCgwR0dHR0dHR0dHR0dHR0dHR0dHR0dHR0dHR0dHR0dHR0dHR0dHR0dHR0dHR0dHR0dHR0f/wAARCALXAtADASIAAhEBAxEB/8QAGwAAAgMBAQEAAAAAAAAAAAAAAwQAAQIFBgf/xAA9EAEAAQMDAwMDAgYCAQIFBAMBAgADEQQhMRJBUQUTYSJxgTKRFCOhscHRBkJSFeEWJDPw8Qc0Q2JyU4L/xAAZAQEBAQEBAQAAAAAAAAAAAAAAAQIDBAX/xAAlEQEBAQEAAwEBAQEAAgIDAAAAARECEiExA0ETUQQiMmFCcZH/2gAMAwEAAhEDEQA/APU1Kmcc1BGuDaVO3FTtVDigvFU1dVjNBWWry1MVDaglXVVdBPtUeKlVjNBO1VWsbVmgqrOamaqqNdqqpUoK71Ki71ZQWO1VV42qqCqupUoJmpUqqCquq71dWCNUO1W/0qgxxQXUqVKCVKlSoJUqVKor81OKvvVNBZUahVvFBVR4qVTvRV9qlSpREqVKlBCrqqrxQaqVM1XLQW4qquqoLSq71GroJ2qHNUvFWUF1VSpQRqHJUarvQa7VVSpQX3qZ2qqqg1U4Kg1GglVVvNV3oLd+9VxUalBOay/FXUaCRNq0VRsVdBBqNQ4quKCu9RcVdUuaDKq0SOMYofzW40GqlTNSglSpUoJUqVHAbuKCvFUqVXWLUzlzQaHirrNXvQRKxMYmR470SqwJvUGC4O0kF4rWTGRoF62kVN8mPtSv8TK04kPj71COjFy1rFI2NZCai4e29NwmMul5oNLvirCqltVEtigt43q6rmou1BdSqziqoLWqqVKCVDmqqFUa7VVWNVQZea0cVTzVmxQTLUq9qqgqrGqqUFvxUeKqp2oM5337VrPms90rVUU71ZU7ZqFBGpUqdqCd6lSpQSpVealBfeqealSgh96vvUqd6CVKlSgrirzvUCp3oJVVdRoJU71B4qd6CVKmalBec7VVTH2q6UVU71eag0GX5GrON+ai1ZQX2qmreKqgp+ag1Fqig1mrNyqKugnfFZavvUaCZwVOahzV70FVKnNSglRe1SqaCVFqVS4aDQVfFUcVOaCc1MYq3ms0FvNVUN2pQZ77Vs2rG+d60OfFBrvtUz81Wc1mcsFBsd96kpAc0FmRMtJXPUIk0JZwd+V8U2RZNP3LxGULY5nN2D/NKajUk7vtW5fSbSkefBSGo10oRkxw3ZGF4x8FZtXC2xZA75TPP5rPlDxrr+5GEAk4k8HfFEtqxy8vBXJnq4+4SMTm4FztE+K6NpCBOTsh0x8HzVllLLDA7FEKATymKLF2qoupUqVkYuZDYz9q5vqFmN+025S9uQvTJ2w11FrFyEbkemYI+SrSPHe/d0023eiEzISzka6Gk9WlIIzSM4n0rxIxxmh+u6AIyxHAcSP81xtPC+JGY7fpkb/vXDrqyu05lj2um1sL9okS3xuvejswM85rx+nv3bN/pJMSWz4zXY03qRIbV1CZuB3K1z3/ANYvNjtQmLga1kpOF+KdUZZDnDw0eF2M9u6ZPmuusC81OOazGWZY/at5O5UFVKvaqqimrjVNQoLqVKlBTzUqPNWFBKlSo8UFPNQalV9qDVVV1VBjG9a4qVKomXvV1VZP1Pig32qNRamfFBVTNUOWpLigvmpWYyOCtZzQTO9VncHFZXChUzmWXHigIVGsxatctBdSpmqyUFlR5qZqd6Cqi4KuqaCqupipmglX+arNX2oI1eaoqFBO9TNRqUEas+ayuM1cWgv81KnNSgqqKt5quN6DRViVgXftV9qC3FUtTPlql2oLHfarrEcsvit0F/2qqmamaCcVXxV1WfFBM1lxnd5q6y4XNATbBU471mLtWqCG7VNXWXYoJVrisZ+rA8Vm7IRid+Wg31ZM1klvy7UOcyMFUMG1L/xBCahKZHcI7q+KlsiyadlMi4cGKQ1OuOojBHO6m+Pj71iFrUyhKV7MSTnC7nxWo2Y4Mmaxe/8AjU5jm6vXahydMsLiJHPFLJqAW1b6phnMuBrr3Lli1llKJhw96Hc1MGKwBOym1Yu10mRxZwvxw3lZG+KqV2YMXqA5Xgrrt627zDL8Vi7atXYAHPBjFMJSuiuksMjMDuvL9q7ViTJInLxXFt2ZWZdIZDYrq6NIfVKXyuc1eb7Z6mujaiG5nFHjuUnC5K8ntoQHDI5XwU7EwYrrK5J3q6rG9XUEqvireKzQKa20ztS2H77lc4sWoGOkM8od67koiIgicVzdVYY5YCncrHUdOKUuaK3cCRHOHkKW1fplxxdsrLD2NymLN25anmG53FxTtnVWruy+28MZGz9msWOjz0dXqNHfXCxTEovfw11NHr43MMEBMg8j4p3Vel29RFuRUmmNuH715+56bcsM4qx6nOR4SsTuy+0vMseg0+tt6hYxcTORMU1auqYk8d2vH2NRchLLJJiij38119P6jFYzuZHGJY/vXfnuVzvFd8l+aukbeqi432lhH4pmNwzh79+1b1n4ItQrLITI7eauDnaiNVVXUoMtXVS3auLtQXtUzUqqCu+Kus96ugtapqspipkOaDMnC81cZDtWJyw/epB3R/FATPIVnOHNTO9VnzVg3nNTJnPmh9STEdq0yzxQVnDnNaZZN2huHP71Q7Z7FQZZ+3PPI9ijEhjk4pW8/UP3qo3umLHLnhPDTQyzM8mfFSMhlikZXyLmWXFaL4TMyxkyZankuU/BFSpJw0tbvjqOnOcnJ5orMVc1ZdBCWSs9XkKzbmSiKhvjmsNz68cmaIYi1eeaHKREzz8VOsQdt+1UEzU+1ZEDdqiWeKDdT71nPmpnKUGqnaqXmp1AfNBed6vIeaH1Zd61KQHj70Gu7ipnBWIOTOeakpY+1Bec1RJDG1YZ74zVMwTqcZcHy0B87VS7YqlCQL80OUw2pDRM74MYqyQGexQYyAzUuyCGB3eaDduTIkvGcVvO1AsyxbiDy0dwGM0EXO1VJwVBzzWZyA+9BqKBVjlxmgsw2zRbeWOX96DS4qc71lRlg5qMsGO9BparO9Y6sGXxVQzLMnJh2oCZ2rC77VGWXB/arA2yUwaiPerzVDV8GXYoKkpsc0O5c6cBy8VGYyk52iUhLVLG9qJhGA9Ns7v/ANtA37nTZndkO2xg5aDqr0bJGM0JSBTO+9Jurb163agvRaMqOeqXfFFjom9e/iNQ9I4AeTxWOup/GpyzMu6y4WrW0Y/ql2z96d0umtaWO6r3k7taZ2tPbLcMCBgx/VoE9TGJmSueduK5ba6ZIvVaiUp9MPptjuu2aQ1OtRLVl6pOyxHb81nUTJSzG7GSu2TGPxS7O4OFifYxWpAJWUstvL5eStdU4yGVoQ2My2q1y5ZO/irYIDGRI+HitTBC7dk4C3EfiiW+qKMkceKF0uOCp9Q5UHwuKYHB9wxgPKUKOYXiM3Ft/Umy/FYtTi3oxLiZ5TijysDfiykMVyiVg/jqaVzEwdMQxGIbHzTkcpS9tD7cFMnGCu0+OVvtFqb81KmaiIuSqqVM4qjTxQbu0VD70XndrEzIiDntUqz65dy5aJJOA9lNmsz0lu7ElYmquelcpW9TBjJxGJ523oHTFxlYueTtXJ2h21cuWwN1ORd63c9vURWQfVzns0nmVsx/EF2HYmYT881uOoiO+Az9ysWSkuOR6hoZWLjMDD3HZpGMku5yi8Y7/FeslG3dhiQInFcD1L09sSZQitt3MbpXO82XY3ursaphEJRXHCNdOGsgxiRkgmQeftXBtKRwn2o0ZrFiONtmtz9LGbxK9Bp9WIk3c/qUyzEJQc44SvKN25HDGSMTC+ab03qsrIQmDFx9xrpP1lYv516W1MuQycmyParZA471zNPq+m5GWyOzjhp+5LKMeHhrrLK52WN5y5q84NuaBG8SyDuOK2SFxnLVQUchio8YoHX0z6c80bqEzUFScO1WJgaw8tWORB3qis45q3cz/ahXVIMsZxvjPal4aonFIpkCUUeTvUWTTFxyZOaznMCY58hS7qAl0/k80ta1bBuRRPqUz4anlFyunG4JhK0SF3a40NZIsE1eod9ud3tRX1BXMTC43dynlDxroykLhQTzWPeAHIA4pDV6t6dnKPJ4pe7fzmQSIyRyOw1POE5rqz1B17JjvQ3UBc6VNzqHt81zp3BgyF33oU70ohMMx4w1PNfE3d1BG9KRJTGxml5atZ9cUwgJ9u9KyuZeqb9WMZoeMG/fc+1S9as5P++yNsb1i7clKIptEwFYtMY2hkoux81d6dqVqRDty1NVuzqbkp9UVOlM5N6bjq4k5SVwjt4a5Vq6qEDJtnbmmrk4xtIAviktLIZhqIxtSxNMSyb+azDWLdWUnDSWYlrOd84w0G5JJZzzvtV8k8Y7RryRnCvLl4rcNbCUFXEhweK4toVOpdziiXp24Wo4VXsVqdJ4x6GNwYRRHPG/NFthLLnYrzNv1CcUiD0hsu2Ket+oyhCI7kjLWp0zjqSn9aZ4dqqV6JPpyLjOPFck9RjO6A4wrvQ7+oW/mM8Z7j2q6e3bL3VPpHL3B4reTDl45rgabWtqUl6pPBjHFbfUnomRSMpcK5psMrtQkIrxnasXZjERzjd3rk/+pEghhOzj+9LXtdIB3YOQMf3qeUMr0FuSxyuzVTvRXHUG3NcGHqci0RR2PNDdZdlHEVjjY+aeUMrvsspvjHFSU2V2zERxLK1xXV46OpVTc8NUayUJJFXLuPbFTyhld+dzrvZOwn3oc5kI7v1Lt81x465txZZkyXO7UjrG9ODPEc7ovYq+UTK7UZAYkgG60KV0uZIucuBrnXNVcYKyxlxs4NqzHUSixjsAYXNXyi5XZtb4iJiP96LOQXMKGK5dnXDJlFJRjLcPNZ/jm9OT0ormnlF8bXVlcCQZwYz9qxO5HJKUgO2dtq5sLlxZTzu7GTO1Scp3OXODDg4qeUPE5C4XJCbC7PxTUr0IBHqON2uVp5KZUx4qaiTKYQXY3p5SHi6kJkRlLl2DzVZZS3fxXM/i5F060Ixjg+Wr/jUEHpXvy08omV0pS6rpbjwG9ancInSf0rlOtLXSAymu+Kc0c+olduoY2DvVlMw4BGOVKrqzuUrevlyJGC4ef9Vd2/G1CMMjJDYaqGesN5O1VK4MM5UDLXMua2Mr0bMJCp9TjYpf1DXNmxO3YkMpADnu1LZFkta9T9QP4aULOzORAR4X/RQJNzWRhZsRlKEAjkNs45arT6S5rEiBG3E3k93uldaMo6S37dnABuvny1zvf/HSc4zovTrWhgyvTJSeMuw1m9O9qL8ekxbibHdfPwUFuTvT6pT6keU2/BQ9VEuQ/mXZmHLGHf74rMiiXy5b3lchHPG/U/balJznLHVLr74xipb0/VHNr3AHIB/uqnZuQkshM8ZrUhiISkSLcRPBWyJMScT4Rw5rECUZbMU7xXFbYmRwx8b5qmAtmcZYlt/Uqum5GWUweaYZDtlc8hyVhuQPpkuezxigxBFzLY+DND1DFVjEcceaNcciwSKbp2aWuucO/G9KBwmxkKDvnbauyDONuW24fauRbbecS7ea6umRtQ6RTZE+ahXWswIhvl7qUcwOaBbRng3wbpwUYK6RxrXapmotVQSpUqUExmrxnmoNXUC2otibRyveuZdMqJIDwV2njjPxSWpndjk6Y9LvlzWOp7deaUt6W3KJI6svlSpPT9JhjmKcx5qT1cY7IbeKyalnEYwJRefq3KzjUasTIHQTXbIPJTMUnFNnbcd6585wikpW07ZDLRbd6MnMZsfuYqWKBrfT+p9yyYwZSuVdJW3qIqDhDmvSWbnVPCmPOdhoPqGi683LURkjmONn7VxvLU6cJeqGeyUNBMZBeM0fJCbGcQ+GsJbi5kJ4w1lpq3fuRh0yVDbmmdH6nftRnavrKOzGWdz4aVjGMh6ZGTs1co5NjPatTuxLzK6ctd7c43AGE934py5qoFsuxUIouDkrzhdl0dLuHGe1Fs35RtsepBeK68/r/wBcr+bv6rUwjaL0ZjBMidysWfUbcpEc7Jkc7PxXnreo/lti4r05D7PagQZWz2zPRnI5rX+sT/N6+1rI3B42onvRTI15CGplEQUUwtEnrrtsii4RHDjNWfpC/nXqbl+BGQpnGfvXD65W77lYxXYj2M9qRdRdvW2EZJKJsnOKN1TSEp5Hy0vUqTnHVvxiyJRHY5zSU551E4pxhz+KJLURnGTCWRi0nK/GZbkgXMYk+ccVm1qQfIw6XZFPxUsJJ6Uw4e9JyvSh1ORVwDRpTCYxz9WE+NqBi8LamHjesWLkZaCcZbMR/pVzu+3pJ5MzYuaW0hm0FwzkH+lASF7+SEjA4T4+KqV3rh0jmI/1q5QtdKMg3wb8UrnpyG53qGCSwoPapKWI5xn6U+1YJGBz33KvUxSzJi4RDB81QeUyVizbDE7RyvI0OYdUpCAm5Ujbn0x3HO3PehSFWKiGxigLoljOeWOHjDxRZ5Mqc9/NK2Ebs4rjBlpgk3YIZCJjNAGarEx34pjAoyQ7UGUiMsrnpKDPUxcMZK54KB9gThJHGMmPG1JE7dvpyyc78Vj35SnMj1RJGH9sVm4SAjHcxy1ZUqXtSF5iQDJkzTFvUxLGIxj1JgDfFKewzudS7Bwd6volGHVESBJD71dTF2dRdldlEjHMIqod81p1N6RnMSXZCsWITZTuMsSkYwdyrgYX4qbTGo3LoZZYzz8Vu3JuJnfy/NVbt+51OcoZDzVaeH1uNqbVkOdcYWsEDqXPU0CczYm4Brc9+kUyuPxQ78SM0jupTVwe3GMoEkMPC0KVyJONuJnOcYq4ySwxN3v8UKwJqVkDkwfFQwTKSfJxV2o9U/qc53qSD3ncQN6NpIWy9JmgEcGXfemmAzjmXTnBnasWp+5euSDBbxE+azeupenMA3SOeMG2azpISiSUc3MKpVlQdVAZKDnFBnflOct0OEpixYlckxB56THdxSzp2EpKIu+9S9LhzTXI2vTZHNyUlMFN6eHTBlI4MZ+a5RPogZHB2pmzOTZjLdjLc35rMtMO+/0WJyRCLihWtXJsSY7yk7D4oF8lO0RFSUgwf3rULIXSUn6YRwHdaumOhp5Qs2wllcKnml5ayUliWsMnBlyv4oNzVxhOIpmbjH+qNblbje9xTMTbPmmrImoi2Y9NxPcTeJvigSniOVA8tV73uXHqeqTup2oGqn1Sjbi7G6HmpuGad007RJZSFTK84PNXqvUizHptC53yuMlcq5MgRQGS4PisSirurT/XF8JXTh6qxuRl05Aymds0C9r71663FBeMdj4pSYQt4HlP2o+m012/IjCK54wVP9bTwkSzO4kpRVk7LXT0npUr7G5fUi4cd2m9N6fa0kfcvJNP+vlqarVsYEkwZxg80ltLJD1xLdro08YxjEDfakLupsRJQjJvXHZchEfvSOp1Ny9Fti9Du/NBs6cuJGMoj4XFdJyzaYjGWHN2Nt7C5/tQ/euQydXV4Xetml6BJOUdwajaZQzEDHZ5/etyDZf6oAskDcHFDUkY+o+FzQsI4wlGsxJqSU8PhoaEwYSy7nlokb0oRSOE8PFEnYkwYz5OJHDSydgoaYGN0JRCNw5M8/ah3zrjmW0jhf8ANDMiOPslauy644NpeWgCyY4JGTGzVKJslZWXTh5OShY32yfmlqyNwGUwCu5oD+UdW2+K5GnAkEtxcV29FbzHpHGXdO1T+p1fToxTARA+CiY80KF23jptkpJjKH9aKC710jiupV4xVUFtVV5qqC81BqYqsYdqaLc42N6BqLErluXUhtstHy9qzIyYctSzWpXD1GjtQkkrk5S5wGCgRsLkHp+++a6mssMknFN9sYpc08s8lYsdJS3SwD6ur7VicTDlD803csSxiAH4oE7Egeq5bM/OKhKzpvcHptsZHeK4WujG6EQfp7Ye1c4txDpUXyUWBJgxksjGDO9Sxda1/p/8RFuWwJG+3euNqrFy29MhE5ErsaXUSsz9uasF2y8Uxq9Pb1EDJudzuVx65al/68qZLmQchir65Qu4JIO9O6nRXbEuoisRxmkZRet6hK52Y6Qe3ejLMbkVxvkMNUxZGbaJ3Fw0FkRTfnapHd3cPNFUj1rLJ5zUZq4xsVsvk4pcOrDsnNZlZcE7MicTkOT7lGQ8o1d1ZxwHc4qpuZ4xjzWw6TzmrPqVvTpGRhdnkrqXmM9H0KMsCZN81yIJCfUd9mmrt4LOY8xOK6RiwPSz6bzbRyxTHjDVWYyu37kJPSRcDj5qoo623djnEh+N8V1LFuMXqnHdcif5rWo5lzT3WbCXfIPZo0tPKOht3mWUMOO2+K6EiJqYRQ2y0QsYL9qcT25fUOfJ/jFJUcmd5uQeruY2rBeYmMcGCjTsEbNoXdU++FKGaZkm6YdsU0YlPJlyrWSQ7Z3e1blCUByCCj8Uvbi+/wBSOET7UlUYEjvR7Ueq2r+z3rAiRMFS7fLalJRd2Tbu2sKBlf2oELkp3JMd7Y4zjFN37BOVmbLiJkPmi27NstXegibYMneqRz5RYs2KvVw+K1CcoW8kk7JR2ASjCTjLgfNDvxGcI2xQfqKajNmMrksBzgytDna9u+xkYR3p1Y2oMlBDIHmkFZzkiu+78tUHjEY5DCUOV8t5imV2rVmTGUrct8Cj84rnz6jTZB6hc+aId90MY2fFXdvDajBcd35pSMRI4Uec0TURjGYipEMnzQxqxdP42Mcp0ivjimowN1MZVM0jCMm6StpsPV5x5roRFiE0SRslX0LsxI2/pcq7viiW9OxnI52H8UHSQmwvRMuNh4y0+LZ0sJXMZcC/JUtWOffEmYONyq3cyeeabuhdlmIHYpSUsQnLDiLjPzU1W4GLUpJg81guEUlE3Ns1Tdk2PbDKuM+KHOPTFXt4poNZuAXBjmUnPVn/ABV3ITNoo5BHNGtWLduESQMkyr3z2rUzMcRAeAKzaYHp9LK8hMEDlp+dq3GUIkckQSq0r0WRk7mzQ9RqY2ZMpGMGVfFNUaM42twxJdj5arVWo/w0epxLPJ5a5NvXtzWE8ZJOxngxtTN68yDdxzTAGdpBlnIdvNMxlFjCMUSMTJjj4oHXmIZPtVRudEtnGXc80gdh9SYM4c1mEicpRiH08796BdvsLb0ySTsYoFq62sgZzhfmmmDa2MSZJcuDY7UG3Mgs1XGcDWbk25d6kwcBnisYVxUtWRduUoQnIPqljOe2Kz1ScslVoihFw74pbqWO/ntWLWpFsWd4V+mJnHzRmW2TB96HbhKSsR2rr6L0r3oRboI/qHisza1bIT0Wgu6u9BT6Hd37V3Pdsem28Qh13ZbEQ3XsHxTFy5a0dlt2wjGJuhtXL/iei/73Tld4sjKFdeefTnbp8kW4FzWZlPOSPaufc1dqa/xAsV+kgYx+aBdvXL85TuT5ePihltlL6hQrrJJEtH64p1W7QHlc1Rciv1W4udsmzW7E4WUS04PnZrc23ecwIxk85MFaYRGX6JI+FylajKcT6sMXZfFCmXILk44SiW9VCMOq+SwbKGcfNUFlEyIiHDWukkYUjIecc1FiGYyJRTI9mtZim59nxWhNNcJXJW54DGy8NA1enYLMMGcYDZosQlLpnFJG8ZBs0YOqE4yFyJ/+KlRzYJI6cb8Yqk+mRxjvQ5SYXBX6s5MVq7MYkzckYSjULSlnOWs4HepcwSwO3aqisnBtUaNaWBKZlQ7GK72lsM4mVDjYrkaC0zQH6u1ej01uNu0A5e680k9ufVEhCNs6YAHmtJVPNXyV0c0zU2qqlZEXepUxmpVF5qs71XerxUWRKi1KporFwGLSd3MRSRnPAU5IVpXUW5YUNipVlKznLCtxA+cUtK9p5ZFjKRzkzR5R6jCbPOSszLduOI7Y5wYrDcCLbI6oSA+Df9q1FlBwufCUK7ethxJcdmhxky/RGT8rQh6MyUcTBOylXKTEzGTEKTj78HIrHuPajl25K10tol8O1ZsXTMLsL8JW7pHPD4+5XM9R9Pnaizj9VvsnairFwxjKCcj2pmxrIwj7WoMxdsvAfNY659NS15qUGThETesXsxiYNyuz6l6VK0N/TLO0oh3DxXLmb5a42Y6SylepNnBmrjcYSzFRPFblAk4fG1BmIuM4qLYdnK3eBn/LnjaRwvh8fesSJgEzEgxs5pfeUcZPjNatagtS9u+MrecKO8fkrU+sUxGJKCPCYqrkMRwLxhHv4q7r7dsYyjO2u047j/poTPqwrgDmujJvSzhLSxjMCVuWV778V0Y3YxBkZhJxk7LxXH00xJC8n703Zni5GDI4HfudqJhvVEi+TgihnFVDWyyQnHKGMr2oFmbcvNu4/UjFTzS1yN2GoZKvS4wOziqHL8hhbgmGLmLjk7/4rVoxGPBhzWdVMemAGwI+KFZuzljIYOcPFExq9KIzjgMu/wAUEtwlkHjcxW78JTEAFRz8Vk00wJZMJsHNFKXrkrd2LEUHKfFGnbGBNHFT2z3Vk57YaLf+mzHPnFNMalNjcti4E2TtimdPb6bDNVzJP3pOJ7wAgxjnLT1nLoMy26pZ3+CkoQ170auEzKxRDtirhP65XQ+lOPFb1S3ZRcGAwNLyjKOinIy7skzwBVSqkyuk5CoZMNB00WE5ym5F2K1Zun8LJi5c5w1UJYiruHarKmKjei+5di7EnGfigzvkIyk4Rc5eN6jmOmSJgXKY5pWcLl6HSB1d032qjfvM7pGOMvh7U1kk9S88lJztxs3oT6EwAPl70QkTvx9vIcuaoYsyLd2c0dzFOE5StWxMMRfvmufKcW97TymfxT1mYzgREygCVmjoaOJFWI9KbryPaprpMltuwGA8UXTxYqcKmSp6kLfzEwEQKzasIW7hhPGN61JJRYuEXOKBcG2SInxvVZl0gO/fNRrGiCB96Fq5Nu3b5zJ7c7U5aDAvPGaxfgTnbzjaWSiLj1XGLPJw4ovXEGUnBEV/FblA6OsNx3aW1X/7WJFxKUsIcph2oGrVwnjo3EHbuUr6kOoZSDiKBit6QbGnhGWCWMIdviixRjKIZefu0g42msztQ6pZZjk/tTl29GGlt5FmbL5arV2px6CPZcmeaBcjK5YQQ6XdezirpAZax/iiAYjhcrRLNxu3up3jHdc96ULEpTwCyzg/zRbsyECxaRBSUju+aK3d1ozVMrJMDxijTuqx2xkz9q5Lkn04zJcuDtTjeBjGO+DGe+KlJDduYqSMeKuVwHEXLjehFyPVkHftVdRJkhjNc7a3I2zZPSY3oliBK50ou2wUKySnLqifTHbOOWu76boY2GF284mxyi7HcqSaWyQfQenRt2W5dAU2HxRp6i2WMRzHGwBilNV6h1zbdjMpO0CJnL8/FCjI0lvF+XuX5bobhXXnli3Vg3ZPUrAc4XZaqWjlKMrly+DyRNsfFZt3Ls1ZEYjwrv8AtWLkZsvquZ75zXWTGbVFsclt6peF3q4XLkVER+TiqbN1isUPGyf1rdsvhi6RRNnO5WktbxOccOVeJBVKw+mQONshW4e/FMIxznCU7EsalC6Fq6HbhfNWRC0X+VuMjsY3olnT27qMVjnZErLYv27rEnDyCYX7NaJSY4kb8bVQOWju6e7KOYyti/SNFgETBlDzRnLDEjcMD8UGUiG8jIOH7UhKkbkrcyMnNqXA9mjiwuxJ4lB4kPH3paQTjgYyhLcXkalm5K3abdwzg+lWqhP1Cw2bwGUFwvc80t1Yij34p/USjdt4VEdj/Fc64Y3KlajK5rUTDkrMed+KPZh1J9KnwVGnU9LEidMR8uM/s124iG5jalfT7EbdiDEBeadrXLj1fau9aNis5K1jatMqqVKlZVbtxUSqqUFd6upUosRrJnO9aaqgy7NYm7NbkZdqzh8UIQ1Fwtq9OV4PNJzhK5HMxDuZrq6iEZH1Y870jdnFcR7d2ubcpNtxjtGPHFZ9yYYxjHxTThOM/ihThjdMHlooUbyGHK/bmmLVyKbR6V8NKiM8O3zVyuxg4wvmgcnbuTcwug4xiZk/cpe5ZuBi6EV4kORqRniIxXHxUncel3/FSzVE01zUWEMM7WQTOcfar9Q0Nu7a9+yRMuWOOXzjzSdnWThJjIzF5KYhriJ0yUF/pXPrnWpcriNmVu5IkOI70KcBBiZzXfuWbWpJEJBKXftkrlXtJdt3i3KKK4ENq4WWV0l1z1YyTw0G6K5zt3py/pm2LLbG+Wl/bJXoQnLpJ/Tl7fNb5Zq9FqS0tmQytz3lFdvufNFlpZFhLcmVvKknnC8PjFKS0l21qJ2wXG457V1bMlYIfTMxcPkMZPmtslLcJjGUMJnOB8clO2iM7oyGMouBzyPaiaTSJakSFxNYS8jRY2QGMjcc5KJrdi2Q12ECfT1b9zv+1alGM2RHGerG+2Gs3JkZ21yoMR747/2oFm513cBgJZy8rQFjBld+sTDj8f8A5oum0/sX+meXqMfns030xXKG5t9qHO5EDcZRTIboVQNgEt+IuFoWouxt/QIbd6FqtTJ1V6MHNtkJ8OM/5pOV2VyTOfPBjxSiXZMJElcP9623o3IAjs96XnPrkEsEc5zWW5KN4lGOYLuHioH9Mxg3JTM5wA+Ka1twt2LcYmM9s52SlIMZwzF2HG9J6i9nXmnVNxz8VYOxbsk7MHIiZzSXXH2rsZJgUTzTVy9KNiJBxE/tSF23ciL07SWX4d6qFMluMjPLnHxRpAWpSk4AytFbEY2o3JYzLkoWqj/8vKRhxjP2pKmMSU9OGRkVch9qxYcK4xg2fNMSss9JHoyqjh7HxQtOfWxkIAi4qwJ6283p24RMYPqx/eqjCcJ2rkMoOH7eaNG2fUyH7tFggBtjG1XTALtuMb/uQVXZfnNdGB0xtJ/1BX5oBZemLI+rdA70TSspWpkhyyQ22Cs2jtQlFlCUUzIHGamokSlHLkzu1zbU5Wr9oUYJIV7OK3qL8zTpHGVxn4qLPoeqYl6Yokfq28FAnNlcttsWMo5XsVYfRNd8ib1eliys4zxxmstDSvEIgZcf1avDMgomN+aFch0SjGQLIyYolqSwwvfGWqYblc6dFAMZZI0X2IlplIVOB80pZhKbeFMQRB707bn7kbRIxgy4olcrVSnbvwgn6jqyPzxTOllkyO475qtXalOfUbdKgvipp7LDT9W3XOYYHt5/egvUxbl8IRXsp2KWbHRGdlVeVOd66tgCUurAqB80BCdy9cYsYQU6nvipaspAtlu29Is5HTH4HloF7TxjDphhkb/LXQEWU2LtsUGNiTcXG73am1SFvRSnc9xeDCBWrnpty1/MXEcn33rsWoxJximcbNavQJ3C2GTOUaaOIWJEldj5o+j0078JIbDgcV2bsLQ9MYxBOMUv71uzLogYzwVLF0Sxp7Gn6IgM0yvND1urlem2bYY4ZD28UvqLxEkDmSYfilrNyRcUMp+1b551m3TNnNiUpQUnI6WQbh4Kslvl3XleazEndVc+VaLCxN2hBn5xXWRBrV8AjgM9171TciqzIp8lDbdq3L+cgv8A1JZT71i7ebHS29NG7HO7NXb8Vpm+zdq9FMZJBwc4o8bLKWdul7LhP90PSai1qLWJadsy4ZW1en8Vqdm7pz37Opbpv/1zj7lWI3PR3ZB7eoTDtsBjxUj7tubHUSjKKf8AYH+pWtNet6skQmQvBvFEJfJUZYn7fXEmf9JNEGtGivp0XemRxhcB4w1uVghPNu4OHckclJSiylliZPGKNa1c4/yrtqUj/wAw4+KoPGMSSAhnOc5F+KJPTRmPUoSMJjkpS9It/VDIzRHGz8PhrRfyMSTt2zn+tXQN0zpnEZsoZ7mHHzVamwsPetKofULyeSm7NyLFjI6smPq8VZCMB6E6X/q74oa4qodWFOKBdXkOa613TWCb7a28m52z9q5+o0lyDsEoncc1LGpSsBZYroen25T1EIDjCKdsUpCOJfNdz0TT5G9Iwrgfikh1cjsW4kYgHFRq0wYKz381uOKYVK0u21VxVjtSCqlTipWWkqc1KlBO9SpUoiVVa7VmiqSqw9612rK4OaUBvmTGPzSLphkOeHiujLfNLXIucRz8tZqyhkIRUZCnAdqzPp6XIPw1qNiEHIqvd3Sh35W4bMxljYrLRHVOZYXEcbAYClemMf0mc+abut65DaECD/2zv+1BIsOcNFZhOaJGPHnat/UweoM+CtxvS6cFqMsd8VUr1xFhaBOwZoEpyVwxT4Ssyn1220oS5Fpq5OV7DKP1Y7GKHKMJQDBk3y8lS/FhbTX71u62nKm8c8iHHzT8fUIMc3BlHBlNsPfJS1oj7wvOeaFqrbYvEoOYTd9uFa52RqU9rbdq/btyjhiuBNs7Uq6K1esSjIwxlgfBW9JbcyguYDsHZKa6WMWKJnD9655hKUv6IbluRL4XGdqLGxDDbAJRdu32o+FtgOw8+aJdDrGAKAvmkE0kOizKDvhU+KBf6iHumOlelfD2zRfcISJIpLZx2fmqvEb+m1FiG04YUe7yYraEoSZ3SMgHH7UC3KVu/eggYmMT4QzT9qySep2YxB8lK34jqodIuBy45qjoyufyLdxOHGPJ5pLUybWrmDklAR+azcvsrLbtuelw4OGqvRlclYum504V+NqBe9MJzkRQkZwb0WxYLliNxNk4+1E01v3b0hMQBM9hxV6WXRpAXkd/laAF+xD2+l275pUY7AmXimNVejjpXKmCksBIw8b4qKOskxAdvFGjo4zvl+S9QYaJpiM4rE42Gm7McWkQeqWAaRA2IMYguTvWsF+M8O8QMHYqtXGUIxbeBdseKHZlKxamgKmHO9UZ1oYLcdsYDPelnEdLcjLEpZxs0WUm7qYXJpiJnB3qrkIsZziAZMh3aAdm9gjbwEQwVLssEpDnFXEjGxKUhUTGPFY0qXFjLfL3pKmARt3NS4jiIGXPiruWgtwM9LHbNOyLdlvTdpSAA4odqEdQvU7Hami7FyN+6Buxjz8U10tstpFlBk5DtQdJpo2796R4wZe1dHTYLWFy5XCU0JysJGbIdsod6SuSRwm0TbHeu5KOXIZzzXK1FlneuGEBQqVZCEr0iW2ceKJorialFWCJj5rEtO2Riyyq7+K1pG3C90yyyycVlT2qCN2Gd3G1Ls2KgcOaYlON/wCqKIOPkrLZjdtdUJOTImK0Jp7uNbykW1mW/wA80TT3/cnmKserA+ApXSErfVKRnMWI+Gh2idm7BiyBd/FIjr6qJKDF2V2w9qvS2821M9EcB96Sv6lua1BB9sA/bfFdK1izYjbTOAV8tKBadnPUMsfQSQ+e1G1AR01y3ENkV+VM1ixIhGTEWMVfuu9ZuXsWWMndGTjz81LAKP1GA2OfvWb1+NiDJ3eAO74omnT2xO+/3oN+1GUt98OQfNFY0Rcue5fnk32rctQQMgq8OaJfkabTFqAdSbuKViCBLtvUpG4Tnluzk5TpifPms2I9Euub1XHu9ihnu39SETFqLk7D80zqsRPbiZwZXvnxSRSV2WJTlKYi5yUbTEWJKAYeMmM0HpjKCscxHYxy1iEpS5WJ8VuemXWtEWP1XAB3AosdRpYLCFyUpeCLh+M0jEkn07GN2WxW4pCJ0ovk3/ausZpzoJQ6rliAvEgV/NLTv3rOVsE7a7gZyVcNfdi4JHyJu0Q1nu23rj7b4N9qoDZ9V0hdx0umkd02/NdWFySRuW5RuRMYTca57ptPej9UYyHfKGSi2NH7aukmQ79Ocj+KIJdu2J3huWjT3F2lF2f9US9G3qzF9I3AzC7jZ+FoMpMxjfibGyG4/aqtqBGSMez2f9VUCmXLUvreoO5vkolvUvUMZDDGEkIn280a5bL0Y9C4+N8NcnV2dVp7rcJSMGGJuNIrshckLblGQ8xk7JQ5aW9bh7kBkH6gN4n+SuXpNdmTC/bzCRzHZH/NdCxcu20YXZIcC52rRireouRkMgYvGaajdbkOuygmyJnDVTLN+DmUbcnGDs0l0X9JIbkUzspuPzQw7O/G5jrMPGccUnduXIv0yJGdk2Si9UZGZqRdl8UGcCMsSHyPZPNBmN6VxYoZe4BXptHb9vTwjnOAB7pXG0OnJ3BI5DDxXfAIgeCrGeqvOSqxhqdlqZy1WFvNVVVoqCkqVKlRqJVYq6qglXVVdBKp2KuqaDKvmqa1isrhoKTBvxQLtxBI8eaLKS7UCZkxWapSVyS4HHzQbkLfV1XFV8O7RJQl1SUwHnvQWEWTKavxmstJ0szFtYh5MjUnoBMtzD9qqWo6Y4twM9jzQ/evqSnLHwOSguWnY9JK6x32wbNFMRcc+WqjqZbsgTwFXG5buycPS+Eope9K2S+oTG+TmgRlZ1d2Ubc/auRjnDtnHco+q06HuKI7CO1c1k2L5PGGMvw/apSCXIXI9MlE7yjwtGlCN2QrmEohKD2TxWumMEjF6rUzqipxl4rfspAnHCiZDs9q52tKtSNNehyxkkXbOHtmuhfg3LbEwTDMVNn4rJZjcysTDyVg9yzblaZEgfpXkPFZqlvTpyjdu2bg/q6geR7lMzAvYf8Asc0urGbdlvJcKVd2c7kJMA67ZlM8mMlSQC1Un+Dngeoc48Pmt6OUveJKo298d3bFKay+ysNyB+oJAmMjzWNNeuW/UbUJ7QuxwJ2T/wC/61qRHR6m2XHGWW9A0sJTneF6umJIPGeSmZJK4203xkrOmj7c5SM5QKo52hgt25alstxFf609KPTamRwxi7fmsRtsbvuuNpLsUaz03JXIPKZHttQZtxLOmTIK5M0hrZSt6YIjjOydqa1E/cS3uZeaBr5xiNtVAEyc7cVKOXcZTxJROKzBzOK8rvUwsmJwNXOJEg756jis/wBV07IxYQi4GSpT1yTCUMYwYX8Ug9R0SDeKV0NCe9duRm5xHI+GtxGtVCPRlyZ3PzScjNpc7ZxjzT96JdCI74wZ+K59zqhehEMW2X1ZaUBmkFVwcViYlsThTNE1lonLp6vpd9qzp5E4trGWKdO3NIMX4ybDGAobvmsaFOuRnPSZx80e/Lot/S8Sw/6oFvMbsrkcHUYwUBp3CdzCCYrWmtEZMh/FBhZ6ZD3XK+abswHr8Bv5oNCZWO+dqJYmg5Ew4oenggyTbC4+a2j0Ms4qaHYyGPU427UrdjEJL3y1id96oxiI43RoctXGd4DIA5E5wU9Dna+eLph/6ivzlpKM0lKRzTV6XWMpcq7UKNkbdT01Phv0mY3MTj9MnGfnFPsCIkcmeaW9PhGESLnMTI/NdO3CE4ZTZ81YzSVoj7GEN5PHasQhmKyMo4P901ejEk244MOcfepbtrO2Jgk81QvZ00etv3DMxxE52ouovTNdbtwyMojzzRcgSFDEk/Zpe5YuGvdXJ+m3a6YA8rztSDV/UQ09qQSfpMuDl70reupCYrmUdscq1mTHUStIKTiy37hWy2dRcTPS7Z7pQOp7cbcV5Azxnas2UdZJkkumKgHG+N2heoXyErEJcyGSht4x/Wten2pQhcndx1yllPBjYqWCklqL0pTcEXL8p2KNZ0vuR6pjhdjunmi2Ix/mSmx6TbA5KYnKKdMcGTD9qyoFq3bz0wAiZX5pW5ImTlsq4H803OLCy9CC7Bml42C1aIqON15+9UK6qRCMLFmLO5JzkNgrELXTPE905xXQjY9uw3pGJywEccD/AJrn3LhG6xiKrjHda1EEnK5demAkDn5otm3IBlgxuBzWWTafblsuyd80QjcSKYj33rpGbBpxsXtpWJRmf9xDb5KqVm2QAVDuUO9CVyIF1gGcpy0OBK1nplKfkk5z+KqDQCEsxjz570zY9vZtyRz9Q9qEEbkCXT7ed8UWy27c+qT23MclVDNyLOOcC+fNLsSJ1IuOQKZjjJKMoytu4nJ8Vu5Yen3BwHKVV0nFlDMov084CiSbUxlIRTcxs/NVcJRj1QGQ7ZN8Vq1O3NFIqOFT/FVHN1Hp9yMi9pxuW85kdz8d6uEgBFw7JXX9mUBnZVFymOKDOzavRliISxnId6sUrCUV6bpjwnaj279y1JjcSUFwDuNKXbMoYM9We52qW7sojGZ1CYw9vtQO3Y27hGVuJHb6g7tVGKRIpnDsvapbgxhGRIlFOT+zRYQ60FxTQ7obWIlzOO2KcFxQrIEAA2MUY34qud91Y7VKlR45qohu1faq44q96Kpqc1KhWVRarNRqqC6uqzUKC6pqVHvQZUw5oar32rS/NZcFBly/ihyd8DityltvkKGy5DbNZql9Rs4H5pSQyyAy+xmnp4BXFCb0gSAA7ListQvbsRl+twnhqexFXfAVJ9URkuM9qH1kpAyYvZ7NFYlGMJozFOAeagwZko5JHJ5rE9OObkRU3d6qEo3IMrbi5HmLwnkoHLUo3n2pB8n+qQv6VtSlFGUFyCblbnCV725wZW7oiMX9xO5XStvv2Quf/VhsuMZ+a59VYR0NiMWUZmYhkHt8U1OzGCyhkimEWtlllztvWNQsLaKuHFYt1V25YjjhKXv3YxnJnsZxntWTU9Oot2LhgmZjL5OzQNVm5prvVFSOEQ4c/wCqZpqtTdlFkxyNtFeyUZiQ1RdFC5AGPilpwTVZx9E7Q4dxQxtTFhbmltzHMeMPI8Y/pVkwL6u2MQ22zHHxRrUI+5akH6HGE23K1qNPKdlkPGO3FalB6McOAfuVcSjagIhcBZGxg7NDvDb6IuzIyNFuXM2bfUYUBPDWNZBuWTfeGwY7PLTAKBLomzEw43K1ocNmQpmM0F+a3Y1EdRCMTeUFhLPdNqXz062UR6YylnHagzOCXDqO7uVjW2hISmKyFM0fWYJALiRkfDS2teuxaiKdAovfipVlcnVSjZkMDZBErLGV2MMZ3d3HH3ovtkp24SkI7C9tqJZg2+sdzOT7Vi3GpDcETJ3DOe2Kf9OlGMrkh3kYxXMhLEZI70TQXpQlPJnfI1Z0mOkvQksZ3wNY9u3MlKW+M1iF5lIE3cuaDqNQ2tkTqcZxWrUD9s4zlz3pO5OVm+SgIEkWnoPuLIyGTdpfW9DeIg4kLTQO3ejdLkTlcu3mq/8A5Q80CPVZngwknd8UyEVHIg9mqCGSRnYKLG4Qir/22rD9UsRw7ZzTVvTPukcZhjI52zQE0+I2cbZBcULX3429PBAerZD71qxiTMRHG1IXrjelO3I2hLBWbcJG7UyMblyTjIYzzQIxbkmWMAY+5V3LhEOENmix/TsYEyVlonOAuA44rEU92MF2acbY7pucUjqpFu8Z5UwFJB07IQcO22zXSJESNsRQwpXJsMp6kJGIyibrxin2NxuTYGYxfPJW4y37fXJupnKA4qRuxi8gwcquMU5YAshI2PPiuTPq1F+62wIXFMfBtVQeFtuauJk+uW21LeuXGzpycHP8wjFNyTvxT9u2dbdjJj0nTDHHUif2rnXdNc1PqGmtKFq04DlXlX4zVB7Gj9rRx6nE4wI4fKZxV3LHtaa2uWUpOTwYpuYt1JG2eD+lB117pYsv0xeCg5uuG5qtNbcq5UDsOae1Fw03pt26mXChnu7FJWYuo9SuXxzCECMReFo2vsyvFjTri3KXVN74Dg++amKJp5ex6dp7ajJiMjvl7Uxb6gGeRfNLxOrUhbtnTHeUl4wdqu7clK8B2OPiphpidy1BiSVXgDNOW7VuMOpMylhx4rlsy3IlJMriI99qd08pROuUpSyGBMAfFLAe909OJRZPOCkS1Z0kp6m7FbrtA5xn4809BZTZPj9qkoCZ6SUhyZM4qS4OfYtQjdlf1MmU36owTD+aLCxevTV6vq4EwBTcNNBlmSdXKu9B1+s/hoNvShO7I3VwRPP3+K15FhW9DT2JSt2+ucx3kuw0M+qWMhnutYtxuXjEjpk7q8LVztltIsiT3ThfiukZwzFiWgnIQdk7Vq3GOMiSHhpN2gAvNbtSA6ep52x2q6H7ES09MMAuUz3p2ze6TCZzslcgnEljqSWNnHFMxvT6BtyhKXcHk+KsSw9EIz+kxF3TxWbmntyl1xixkGyd/vQYzldhgWM84w70a3clB6biHyuCrEXDrgbOA7VPbirKKRk9v9UTMZSxnEsZx5KqembtvOUTcRxhqhfUaWd6HVaQuHBjaR4+9Jwbd6TG7H25myh3+SnW5KzDpnkxuJzUnGOrllx14yyAMnzV1dBs25WZIIxfHDTEMZA//FBn1Wo74QrNszLrFM8mam+x1LKmM96ai5pLTGAFXO5TcWtOf9a2q6zVlUXmp+an2qZoKz4qxqmpmoqZzUqVVQTtxV1KlBeakjJVVbsLQCdqGuXaiSV4MVnpwZaEDTOzQ7mDYos5ETahMWabYzWcUGRkeqguAV4KcuWSMVMqGa4sb13qVViKZDZrLUMTmzEcYoMbMpqGycPmjxjCUcoxXtRIW5QRNzkqaAW5MJkZ/TI23rOr0V+C3dODkzg5fiujKEL9rFy2G3bkrFuzO04t3JSDgk8fZrnerrUjn2G5KC9KTM5imESmLFxkEmKPcabkRldZIRk84NloUoRh+kDNZt1cbLkcmXmsam23LUiD9WNvloN63KSytv1JjB3amkvrZyuU2fimDm34l2zGUnPS5ydnPNM2pSbvtyM25Rer9tn7NZ1B7d/NsGF3PVE4z/70xookhD9UdmLyHj7VYBQt9Nu3CdzqjF6YydueChWC7bnqIRchLqIp+/8Auieqad/hZW7ckF6rbniQcUq6iVjWWr089F6BC4LtGYYH7NWRNPSmT0pI3hcOlPFbjAvenTSSXLcUfLjhP2pe9ONjTyR6IzcjyEscfnGKBoNYt56YZlhhdhnKONvw9mriGI3F0luaJhxITfLRrkoxnC65YJiSeKSuTbepjDDKxfCC5/TLOR/+/FEtzGxO3Jej6oqG8Xf/AFTDU9Mstn1fW2LksYmTjnhEcf0oHq4xgmxcjJBNsjuVnUamULFjWmfeyWpvzHH9yter4vShci746n74qYLZyl6NpL0nMy3iWXhOc1gnG9YeoQR28ON6W9MvOo9MvWXDKE8mTGyf+1N6ZjOEQjnORx/eliwjaswzGWVYON3mjXoPuLFTbb5rV4bcpGMEXGaoknLnBXGtxnDG1udt6BGcoSEUOoX7d6Yu4bTh5NqXkKgj4puK6Olxcv5i7dIjV646rLgz0y4O3zQ9IMJRHJnZxTU4hHfGO9dJWcK6GMi17bvlUz4oE5DPCZRTNMxuRhq4xi84xml7sui/Jw4VFxVMJ6nMZAGz4oUbly3IyfTjLThA6y5JzF2qi37k5GMi4MdqRDWgsSbfuJvMzu9u1dKEiNyzEwDtLPbal7P8q1G3lcGBe9bnO3HDJw+KuJS1y+WJSM7Zxs1z7eXVoCRRVx3zRdYk9Y9O8SW2OGtT2ngMb5ax01EhZOiRyyctbziWE/SY3rVpwsvJihXpBBy81lQtRqAgkN5JjFCdM371vKsgFXgKLY0zeu5f0rtjnNdSzZ/lyYiJiOaspQLNlJRTiBj5aesxIpHGFMv2rHTC3DMkOkyr3+9IS1srNhYo3ZqC9jLWp7ZrpW9banbug/pGJg3XjNAsrHRzLYNwEHHK5xvXM0sputtWB6osWVx8fL+ad0s+mxKVsWCuJOx+K3Izp/SkpNmzKS9I5cbLjd/vQtIQu+rXUkFu1HC9tua3p5ytwncj9U4xxENzqfNCt24lm7BcSnL65HcecVcGbuplCJLJ9UsivbPNci5rJ+oa6OnsRcNwBDKg5X7c016lG5fvMIfSSOmO20YhzTv/AB306FiN3UWodUenpLsjdc7h4KuEsZnat6JgIspu2aFclG56lbkyH2rbLB2VwUT1WRPU27eRlvJV2ieKv0/TRNJK9Abl68/qkdjgPis2KuFuULU5SfmTxgq9Naen3pmDCmcZanqUumzDT2JnUubid+P80vrNX/LLUTcju8EfmhrnxuXL/qc9TeMQBjbgOUPg7Nd3SSZ2zr2wZcvavLaNu6rU3GAvTjDnADtXoC50actRi5xiUs8hUqnY6iMTqyAuBdqN7uBBHPFc6za6wuXDjaMU4PNGnNiZXGeKgPd1MrNmUo25XJy2A7UrYsSFuXnqmuQ7FbjOc3fLnjbBT1rTSnaJXJGOUDkoOXqHUTuNvTQxtmV12jE/3U0Vm50yldRthiWd8vxXZs2LcnEY4hx05pljZs9IEcnG3FWWjzk9HelLqsxkW+7LZ/B4+ax7TbSbDER3c7V3bktO3uuUuqUdsRyv7cUtq7pOC2bURDZkcH24rcqY512MpRblpWPDg4aDZv3bV0zdineMjf8ADRo3m09V+4SMY6TYoRabssyiouBDH71rUN2bmnuSWzdC48xJd/Nb/ibkMxnAuxNkzufNJ/wZZmXASRw8USUSL7hJ685Q4a1Kljp2b1i4YJMFNsu+KYhPEOmckl2fNcgC6EnMccJ2pq3eWJC69QcLyNVMdHrJwS5CLtg2pWIQu4jmD232xWy4xDB1Y8eKLNt3rSKRkmBxuNUc71J9xtkLjHpcyx5qrV5lLpQy9yube/iNPrZF86hXEjcaLBuM8xkgm5XPrrK1Hc001P1H2zXQtOY5rjaWIHVlV89q6lmR7ZvzW+bsY6mUepmqGrzWmF1Km2KlUSqq6qsqlRe1WcVl3aKlaqqlBeapcnNTipzzQUlYmKYra7bVmgE2lcyX4rcY4MP9Oa24axnfG1ZpGejqXDkdsNcyPpmq0+onP3ITsycke58V1ZRGLhTFDgqJ1Dhwmc4rFuNyE52WMMytvSeB2qRtRkZsXQy5Yrt+PDT8ZStqIMXs8VmUdOqsIxk8sds1i1rCT7kE2cPOO1EJLun5KucGMsiyg+eSqi25yYEsPCd6z/VgbciSxLJnvWbly2GVMZw/DQNXJsOJ4Y8iNJS1SsiUZRwbCbJ96SDo3BjH3YPVE8G9c+5L2NRK7Zktu6LIxvFd8fvW/TdbJuyhIZ2Z8OcsXuJRdRCJFuW7ZqIgvSOF8nw0wYuR/irEY2ZQL0cTjnYkHI1NFcj/ABWJRbWohuZeTG4/al9KRnZNRoZN6EVZWpOJxHk+a61jT6H1PTLbk+4f9hxOD4SqJq21LShejLomgscPQ9n7Vx9TazOWnvxUTIm4+Eo+qnqPTotrWRkiYjdibSO32aW02odTHqjci3oYJRlw+F8ZO9aZG0dmOo9OuaO/LqhISEnmKdn5Hh7lKezc0lq1qof/ALjTSIXgd7sM4zjyFP2BhKV3GJJi9ZeceTynxyVnX2LluxLUQW7BRf8A+0eHNVAtTAs623L/APimDCXZORz5HI/elbusdNe1UJiW5yB+BMj9u1dDSwt3/Tf4Z+q3hnaRzgzufcdvxXN1WnbkQmIr7clM5OzQNewX9JdsZBkl2K90Af3KRtrqLEoykxlGSSd8CcfuYprTsoWrcJ5blmXSy4yHD+2KVuW5WtVdFUmbnnw/tWVgWji2mbBMvJ8ldHQykfVhBM4rmQzZ1YYehzw+a62lgwiRzkTJ+9Ztag2tgNqUkzkMvmubh6jHBs11lzaYJnImGubqoMIsomBd8dmsdNRma/p8OEoMAlqfbd8GcUSC4WSrjO9S2Yk3MZZCZrKjlwJCdt6NcvxYdShnYKRsCE4yc9xqamMiPTB3MOa1KljN2R/GxkJjAj8lVrb30GORRaHO1IlaVzJkCdq1rLcojFib5k71rQNuSlYj0ju7ecU3pFlaWSDFxSdkZMAfx4rZdYxnGD5zVSm5XZSeqKmGrlcUzJ3KBoxnORIdzJUGXXiR9KO9S0kEidUiSbDkok45u5DdKWndLYAuVMFNMxu9Q7IfbisVQ5PTEjExjn5qRi3EMZTf7Vc0nPBTPp8EuLgci5+KKvTQWYRwIctP21IRtgOOcVmxbDqwBlVaLaCKsjnYKsiOZ6tORONiEVZbr2wc1546y7OclzxHLsV3tbdJzuXHIgxj8VzLVuMo7775zWp6ZsFskrFllBPduxI5xnB4p/W3o6azb09uJ1z2InbJutL2IDdjJ3jbch58VWT33UXRVcHw/FdJWbHVsRjY0uJSGadUpPGUoXpNw1070+lLVqREk/8AZ70rduXbkY6eB9c3KvYxtTsw9J9Ot+n2MSu3FZSOTPL960jHQ+peqfwVkY2473ZJtg3wNdDW6/2Zx0OitGYnSY4DuvwUhLVnpHp0rsoxdRccW4ZwyfLS9q9dtWIyvRZaq+ZY9w8vgp8Apad1l+ZK627JveuvMvgaO+osGUrcGGnswYWjvLsLRGFy9ZYyY29PbM3LknAvgrl6q5BI27MuuIbhsD5+ftWVg0L8npWJK7NzGGd1oOotJBsQG5cmrJOVex8Uxo7RGDIw3JGGcnBbj3Pu07au6fSQ9zSBO+/STTBH5M1FkA9N9Mj6dprjfk+9dDMQx0R8L5akUlLJHEc8Z5rGqv3JzbEFlNM3JvdaPp7HtwGQ9JwveoD9UbNkjzNMu/FBcN6MpJgHB4oN+5KV3ZzIMsTsVjSW5X77KakAw45fg+KK6duW3GTPFNkpShgGMfC4paxbUZScRNxe/wAVUpzuMiKkBTJw0DRfJ3OmKGHCnDRpAG/fmktJBiSZoucgHHzTokg70Abs7VuPSbrxGJlazY0stRlmMIdiWylG6rcZZWI5xnvR4rLGP3pAE0unsbxiL8mX8VnUe3aIyuYJP6YyQx+KYlEMLLD8UOMNJCbcnb925/1kqpVlTHOuW7t6bK44OwGMUKdgjsuMeafv6qUYzlclC3D4Mvxu1zvfJuYjLLzJrcpjdsAwNXJI7PesM2JnG9ZVcqVuVkSOs6DHb+1C1urv2MJbWEtxeE+EpK6rJz5oljUxLUtLq5DaltBeYvn5K1fUXBNLqHVxZySUBwZcsU7NHhEJUhbsT0M5RE33+Gmbd4nsJ1Gyf5rz9de2pD1q6xcZ2f6V0NLd6jdXG29cm3nGc52pzT3EAAQc7tXjr2nc9OwO3O9aKFbkSBNviileiON9LqVM7VKIqpVrVVFiVTUXNSipUqVGgsqNQdqpoKqYqLUzQUoO+1BnLAvf+9EnubO9J6qTGOXYeGpU1Jahg4TqAynelWWnle67c52rjyJkaFK9O5PEJHUGE4cVkn0zyg47d65dOvLqQuSlA6nJjl5ocrmMrFQ4xvQ7F+FwRz8iYStTW1AQZnfyFYaZb0ZzSEjqOYrvWS9blePctyhKPDyP7UK9Yt3llbSN1xhzu/DW8xlItTzG8cic48VBvVBKxNTO3HeuNoo+9duW7dwnFOmVm5tIeyZ7V3m2St9KcmHNc09PkyZFxhcivTKRnbx80RzmyQ1WYSnavWt3DhQ4yPNOz1hG05mQnPCTDAvfJ2Wt3iN2ULfqFsjciZjchz4/JSuo0rK0tu7GYOcg71VYg2nUpPFmSCTjsSfnw10PrvXo3NJKMdRAwSjt1Y7Pmudp7sOhtsjKYYyj3+KY08SO0rjHDtKOyU1HYs6uOttexrbUYyTDCRkf9NcvWeh27N91GiVjjEoiLD4TxXTtLKP89hOQ4LoG/jPhoSX9PrS/GWJYwobSPD/utRK5LduxSM3Eoubcw3DsPmuho7kRbV6IQuuGAbD8fDR9RYsaiAzOhk/TLGMPilZ2pQY2NQ4zvbvBsPz5qoR1Onl6dqcQ6m0yZW15FdymrJb1emn05VMj+f8AFGnG5Kx7GsiEovVCfIpw/mldNA0+ruFtxGTki/8AXyfvS/FwO9F9mUogyOSl9VuwuOPqiD9yn7kC3cllWK5F25pLVRyYDYz+K59VZHP1GwPOe9dbQSZ+2u+DK1ybozfbiKvAc12/TIDG2JhHDmuet4bYC5xnDvSHqFmUbV0xnCJjmu1KB0SkGEpS9FbbLlOftSkcC2yJg4fvRZHTDnvV3rfSSkGEVxQG5mRAFyZz4qfxpqMsXCOP1bZophmCKHmg6aPVq+l3wZw0WaSuzRxhxirEDv8A6oSibxkP4rGqkXJqKiYakpucKOXA0CMpM7kUMhtWozWbMmMlwmKxb6nUZZISzkf8VuxluyjNxkEMctFu24xnAXGXA/NUPSjHT2rc8IJgyc54oGMuQ+aZuwlPS2oTx1Riu/32pW2pLEttsYrNqyB3bfVIl4MUeEVjsbhxWkEx5rduP1AuB71m1rF27eAljLLYK6mj05CzHB9Us7+Ch6exFuRimUM5SnoQY3InYH8VZEoXR0ZO7WIks5fxRyLmRLfdR+KmPpcHZKqOB6gAdMcDLL/WlbEECOT5aN6nNlqsAGAiYc7Hf92pYjjnv3pKYJC3OQW4/wDZy/apOy3LhCP6Y8h3ozcLcMRN3vW7UWFskYzM28nzXSMUTTQsaaTdlLrmcg5V7BVsEnPVX8dXLlwHgKzobRelK5NSFp5dhl3X7Ur6jenq7sbdqKxi7Acv2rbKW7LqNT/E6l6gyQgmx+PFdSGjjcWb9BIG5NN0OxVaSxDQaaE9Qe9qZGS3naJ5XsUS7rr7plxE6naWNjwBRSPrYShCE7ha00do2zaU3ylct09y8QswjK1Bd0jiT/qu7bsaewGp1L7l1dou6vn4q72qt35DKQBuQDGX57tSkA0/pEr8Dql02o8RN9/K9+Kbh6fpdNBuX2U8bmXAfYrU/U4wh03IMcCxibZfnxXNv37mqn133Fs4iOAPHnNRWr961JGMQGWQjHC/Hy0e+3Wx7k4ltdgXcKQuaq/KJb0kY2rYIOOTyrvQYe5qVjbnki4lOTnL8FQHIMgt2wIrmUs7v3fFNWI2xYwkONnDnFVb0si0xhGSuzNMD+a2wt6WILEzu4N1oprpG1ldjnfmgXbkIRCIngoZqS/Lpsw+k2znKvgKHqc27gX0jcTJFex3agbsz+k6jC70WU3pyuA3yVz9OSuBfbki1F3c4HHamLt8ux6SPTF896oJZ1GnuLEkyR3wZpyF6MIZkofNcv3I29iJ9jaq/m33qk4iP4KQdKetsqnTKXbxWTWg/RZxE4zS1uAGBz8tb6bYfzLnSeaaYHc9RvOYytWjDsdOVPlpWV+7cmssY+ACjXtbp7Qlm03A2V2P370oauV+5j2iIb85zVlB4DIzzRX9D8Hes2pCYAH4rV5zDBtiuvP1lzrpiS9s7UheC9qYg7RTZ7703qZooHFJ24spMk5avfWRZHRhqLd2BZuSOsMQk/2Ws2oSJfVHEh80tCydY4ynmnYSJbL9Rw15bdbM2Jbgu52a6OmlZJYkG44+9c227Z5+KatSimGO9a4vtOp6dm1KOBHamBE2rm2JEQI8fDTsZKAm1eqX089nsaqzvVRcm9XxREqVKmaNJtVVO9VQSrqqlBKvtU7VVBmThw1FcbYzUQRzQllB3cxoVLkljkyJ4rn6q8xJW5bibZ5zTt6eY5Mib1ztbchfMSMSHAjxUtkSe3OlJLnWGcZE701DpvQJxZGORMUKNmR+uKmdpFHIBEYuPtXDq7XafG4Rcd3G+eUrU9VKzBQ64HPkoLdbbkUTuO5VfxEpOJWS9bzhlB+o/FZAP4yzcke4sJDtKPZ8NGt663ORa1DF3+i7FxhOM571NXom5bLvp9wJm+WIj8JSli3d68a3S20TPuQUy/2qq67cbx0kzrHCpjP3P80vrLOojpWVlJsd3EsJ9s1cY23pYmMGDLuVPbhPJK5LD3ezQJaf1L3GNvVI7YJJuPydqKxnFUYztvDFrOq09iMeogSy7yi4Ss2frSNuWFcZdv3qAbYgz6oS3zkE4pgg9L01VzQ6uEckSRyI5yfDQYQ1ZPq09yIhvbubD9qzSGrV2VmEkDGN4rs0S1qjU282JMcOGLyP5pdu3JHRf0srFx2z+qL+e1D9u5a1Ebko884ecVqWxbI6Ok13uSlotdbhEV9u5E+lex8NOe3C9ZlYnImChLO41yOtnIkH0rhcbZ+fFOkUYzSUZx2yOMnh810lYswMZ9UtLdwkVYrufGPFAnblDUrOKOw/O2zTksS3luneh3Yt4Fc/NS0gN/ErQ898+K511xge+yU9P6Fgu1IXh6leR5rj26clYQPfjPsSHZ+a9FptOW4wlFFy5HjmuRGwTsTxsoSH5rv6OI6SElz1A/0rMWt8xkeaGwxbkPDs0ZxHmhO8ZC88VUcnVWs3SAOXOx3rlW4PudUsgKYrv3+kuwk87mWuNqMEyMDC5lg71PjSaZD1GGOExxzgazrIe3euSF+pzjNM6YIz+oOrZjn5KUuJdncjJxIXIVqIDFDTjJ3FT7Zq4ISjkMycZrFolcnK3jIbNK37kjYUYuPtVjNMXJLqnpE6XGaYgOq0U1d7dwMhviufbZ3IrHORBa7WmspGRGOCcRQ81oF1M0I5Mqc0rI6nLT96A2YjhkG9JXBjaknONq51qM5lKQG+KZt22dyERRXFB0x1Mc+d662ntx64bZ3zWf61TFi2wnu7himYbvxihQyzVO2zRI7Ll7VuMIh0rzjisTejTslOHB5ohh5oGsmFiUf/ABBpR5q9EuauUsqR2fvRLSzkBtvWZBElcROpcHlrejt5Wc8nbFZjRu3YLs8KgGVOxR/bJSwCRNj4KuxiEWXd2CrGVzqSXTE2U7tdo5sapSzDTWDERWSd2r0Nt0w35MZTdoReDy1qco24MmK9gN2h2tPqL6uJOdkNsHj4K3KyIT964s1wu6d3x9qHC3d1erZYC3DaERwZMb4702aRikJyDHJHfHxRvftaaKWYrLCDjO9AGWklEZSC4pg6tg+cUn0w0q3JJKZuDvv8Ves1epQhYOq7PZlJxGNBbFqw+76jdjO4GS3Fz+cH9qzashe7G5cm3UZ3HcBwFR09+4hOcVzuDsUWF65qJM42y1b/AOo7ZPtWp6iMTptJJ7yeCstBal02ks5vzlJdiMeZPjalreo9Qv49rRRs2Mn6Y/Unj71czTwu+5evt24u0YZXNO6PW6iSWtONuK7y6RQ/PFVD1iOvLYTtls7E3j5xQr+j01ljd11+V2a/TEcB9iiyvXLcMM8yxj6sq/gpeWnt3L5qNVcDpM5Tj8VAb+J6bKaSyWxMRcAvzXOjoLmout3V3ZRDdBzKXxTdzXaezALO0cYGYZ++KLprkb51CJjPVkCqC+/p9NaD2lH9MMZV7bUjcv3GXVejGC7kDfBTl2UQfbPqTHVzXOwQvMrNq5qL7lZyUgPgO9NG5Eow9+//AC7PIu2a3/EtyH0JC2Gw8y/FJayN+ci5rLvVKIMYRDA/OK1p7tmESU4vGzz/AEqyDo2ZSm/Tx81V62zwzXAcHei6S5bTqI9XUbsnGPxRLt+MSJC2TXbfis30OBrG4zLaNu2OXG2fimbIQtxcJk2HvTU5Iv0x3cu2aWu3ptzLLOHbY2qyhyyY3Tesaq4Rh57UH+LuRMGMndOKVvX9mU5fvXXmzGcBvMpyekValuPTHCb96xYuSuMpBg7PmjRijmTXLrra3J6UyRMbUWy5ll2oUkzh3otqWUDvXNYbtuHBTVtyYw55zSto3F7U5YkBjGHPNa5+pfjoabCZB28nDT0d6SsP08hjzTltORztXq5+OFEq871Wc1daZR4qsVdVioqqlXiqoqVKlSglVV1X9qDDJynasXOrpdhHbmiyNshvQZyQx2aBJvNmXRe2FzFe/wAUreISusonLTWqgXhjIENwfNB050vTIV8tce7WuZF2icIrGTjnCZxWvdJ4+kE3TFGIhuOHw1llaEJsY57tc2yt6Nm6BNYPAlL/APp8bmH3lxuShLpkfenrgXM+xctXccgglKXdTHSMZXLFyWXCxjnH3q4oulsX7d0t9bejjPVICR9/NEu+nSZfyEHOcMnA99qW0/qWlvXEuae9H/xeM05cSexO5ANzEqUCPTZS3nKLIe0kxW/4cjBCRLHbPNJXrmqs3Eiso5zGXx80L/5i+PuWo3Iu2TJmoHow01vLJRXCKJ+1FbOmuaZCVqWXZjkc/akbfppbSVq0Qk7KyzimYae/b5uWMLlGW+POKuAQ63RBGMi7bXAdW/2+KKeoWCRC/ZYrz1BVzNuRPhGpE6o9MwYOz1RyNEE6rFxSwxlE5B4aq5iP6o5HkTas/wDp50rYbQu503MOPkaDcPUrEoEbHvxxnI5wf5pIN3dHi439Hclbkm8HeMjwlOaW8XLeJw6VPqjyD8UHTa2zdli9Znp7o7i7NM3fbufXbTrO44H71YlCuWoxc2pEoPZdys46TIHT8VZOK4kSivc7NBukoTWMs4PwlKFdcEpZD6jcc0nGLen0P0rsUzckXBxthpTL7+ziRvF+a5dfXXn4a0dtnp5W5IThJiieP/aurpfpswtvMQHHxSYk7UL9sCeRkB34aZt3MSJHC1IWjTc5fFYdsj3ody4iBwu9YuzkRim5nDRA751Xo536RcfeuRfgusyH0h/Wuybue+MVy9WdMpJ2cUpKpnGDZzvmXS47fNLRhJ1t2YHTLh77Pet24jMlPzn7UbolHUbRW2mc/NWLXMudVrWszJvlPIUCMSd5ZYwqhTmvtMbiu4ywfGaWjbIs4rwYK1ExViKL0hiShjzXb08k09pdpEQfmuboIqSg42cjXQkS9rpiZcmGlDN0zCQco4paMRj0oO1M3Y9dmQOJASTyd6SlJI5Nsd651YZ0Fq2TmIu+TPaujajiS+CltLCMYxcipmmoP1I7DxSQtMxRgJuVUlHI0KxNbbGRwoVrOH5rTLWdwpT1JWzGA46nd+Cmes6nHbag35RcSkDjeixytdEhajGG6YwY8/8A4rOnz078/NS9JlOUkxlyfartqYzWZ9aN2hnMjv8ANNTtxemO5GLnB3oOnnGEHuvL2o9lb0nAkTldj8V2jlVxj13AA52KJfusf5duXSYwpyVvpxBjDZTGaDOELUGVyRHB53rfxC13WQsRLcCT5km35aBav3L6rCTEcEgwfvRpFi4YuDOOc4zgaHqdTK5Mt2wt2o7G2A2qWqLO3bI/VkzxjlpW5CLKXSRhjumV+7WU05PJfnOR3BQ/PFS1OzbvdVi1K9cOGbiJ+Dmsq3Y0pcfquznntCKh+XamX0T3oj0zycZmRz9ysS9R9QjHptkXLtgwRrM72quRxc1CByhjNTE2jx9Ftae23NRftxIuUEfxWrvqNi2dGnh19jEcFc6cYSkdUpbbgNMWrJKOYan2TO6RVx8Zpisz11+c+m3bjBdsscv7tXPTRAL+qkyTLEiuPvRS3pIfVHV3JHDnGV+M0f2rUrZcbkox/wD7Ir+1Ucy1pG/N6NPOcQxmSGfsU26TVgENJGEAxvIKOTJXCNu5cIx5liikAl7k5yuPbL/ioF4aW70jJiHjI1jVyhprXRduyB3SG233o7/EdKlqOF2xLd/FJXLOrnJlK2Zd90cUHD1l69euSt6SKWsY65f5fNLae5dhrAlqvcx2FefvT+vlJGM7kYA4TGcmOx2rnaW/YL3TZtdIcq5ylbl9JXsNFctysiyZYPG2aai28f8A0x8Ib1ydBJIROl+qugXoRi9TjfG9ZxZVTLclW3/Wk56ax1ZxcPsjimJTGWIu3l2pXUXJSWBITP8A170wDbdiQ4nM7bxP90le0ZIyagyPEotOggDWLqEUcC8ZpArgtAFwljxWJ3iJnqHHYq52GT1DiOOKQbfUylhDO6+alkWU2X4yYimV7U1ZTPFIWLcQz04fNO2jfms4SnrSAd6btR6xwhSMFibG9GtyxEVxvxSXD66tiJFMLty5yNP25hHGK49iafmujYSTuihXp4vpx7ns6OTarEVoce1bK6MLqVVQc1DEqVdVQSqqKZqCUWVFqhqYzVb96Ki7UG4Dk3wlF6g2rE8Byb0oWAwxnunDQZxwZim3amJGVxS156R23Nq49t8gXJXJCIuOGLhrEr90gRNIalH9MnDilrvvl3JKJDzlEo+lty1E8XLhsbSJYw+KxGy127Ykpf8ATp2biYJR2Q+9SzMRjau3mafSqP711I2b9l21HVHsJms3bkoxiOm6pZ/VG2qn4KBKFpCJdBmcrHGaYwEcLjambZdvxR0s44/8sG9Zv6edm11swzshyUCiaYiylOSGyRMVuGs0tq0RhCYBxzvQvenKbbtxbknBuc/mmIaGcwbpCBjOBy1BRrbM3EZAd87VJysXJYIxZYwuN6JKzprW3tkvOCqmxUYQ6cbG3NVFR09tBYhhzttVyt2JS6ZRwJhVodzUShkRMd8ZrJfjOX8uAzPO2aAeo9ItywjJXhLiJVWfTb+niNi/c6hzhuZD7UW5c1spYNPBj4JZauOov2lJ2tsbniqKtOok4v243Q5ZG5+aZI24GbcpDneLvj7NJx9QjNSVuUN3c4azLU4XA/cohydwHFyLh79qFPBjEsxdvtQoah6cdXUO3TLf9qxOQZRx8NCAan+RdyyOmW444fFI35vvFyC7GzTt6cZR6ZnVHOftSmIojiuXU9usvp0dDeS0KP1An370a1czY6ZuEkuSuZp7krcoxXMVwlN9RExnvUkSjtxZxw5w963qbxG1LHJ/Sg2ZRJ5d6Gy65TXhePitYhqE824KYyZaRv4nLCZ3y0zJ6bQLhKBLESS96WKC2sEHfEh7+Gj21YAvBtVYGEET6VX81UlAYuEc5KSJpH1CLO87cI/0pW5FjMV3TmulehmRtu75pK8DcyGcGKqr0svbu4ASWBzXRDLgeN2kbAN0zt0uRx3pi0zNdGQpDpROz4qUPodeJbCYydikr9pBiOR2zRmT7sep2XH2ok4ZU/aphK3oRhYhG4Y6NlXLR5S6Z7ORoEZJEFwHaiKO5/WrICROqMgfDmrbjjGMuOaF7gGzWYzE6qYgxLAZcUK7MwsntQp3lXFCuzWOFpiwvenm9jbBxipA6nGcd1pTVSdnOFcFG09uUwy4O+XmsyVq10dNAkrNegdvLXTgRIip0nER4rl2S3DZUDgO9EjdG5kXbstdZ6c66Xu77A0vc0vuzbl+SnYP81i1qbcXDGUnvjtRv4gnFxMMO4O9bZBlpIj1RjKR3xtgontaQAkI98rWZXjKFu5J7OcDRLcrdyGJ2pxkOVyOaWAc7dqOP4axaY4/7i5/FU3WJh09jHcjDBRbpbYBEY5N1aTuQu24qTuTyeBGsqM3p3PpNEGHuYPvWL2l1i9cYWyACAgfmg2dbqGXSsZGMbmE+9P/AMTqYWSTp29BObTlPxUCcLl23gn6dp7j3SWXFGlqNNcCGp0hGKbkREf3rN6+TihpbmXklHCHxS5C1cke1du23vCcfnjNFadH6VOcWEbkZCpIUx+Wix0kNPmcLspRdwUdvFXDR2pGHUxjJcA4VrF302Q5tXIS3zhcUFOsjCTGMZOP2rE/UOnZtMh7GT+tAnFsrGcUfOcjWrWnuXAlHV2oL/1XCUoNbmSCXsMc7irs0G/q0GLex5CWKYjYnbMT1VqeHKrz+KzfNJMS/at3cGQDGX5aQcK7etSGFstHUuZJuv3aHZjb08W5D2mYOJBnH5pzV27BF/h9PC3nwLj96V0+nuN3NyKx8O40SnPT9XclGVy7OTF2icq+fgo5Odye64ODO1XajbjHpLUQewYolxtae0DAZvYXaqgOouSjFjGeF5XfFCL2Dpg9UnmTtih3iV+WxL6nGDfNEhpAiRfp8+aYC25OAnLqXhq5OXbt5oljSWoSZZZYMb1JwYq4cHFFD6WRhDDSetg9RCEHGMqYAp3KoCdTwUWdu3CP81jKabRHP71FcaziL0ykrjgpiEyKfNEvxTePTE8AFbtWTGVPLWasGtyzt8UeCViLEMAb1qEVqRTtuImFxXQsQNsI1zbeNheO9P2TMTDv2xXo4cezwAAdq0O1Cioc5rZJXHaurm27VnNalvVYqCstWNVUoJUqVKKi+Kpdt6t4rOezQjEjfOaFckR/Uc0SeHmgzjkyPHalVTOIZc480pq525iC78JtvTODOHilrhlWEiOO1cevbfJaEbmMRtsu+6BRXTsnqfbtuMO9U34xi+7Lp7ZOKxCEACMpsXjqrDaWoSsSS3rDPYTOH7NGnqdXGIOpJG2UiDVBaN5dJju1HUWLSRt2iUpGR5piIajUTcE5S8pWZae5lnLqTO6u1FG4ZeojnjFbIkovvXJJymaAdtjFUcbdq2TYn0g5/pQ5MZS+iKHl71cpMcGPz5oIXMKSiZe7Wbl6A4Zh5M0rqdTCImSRxs1y9TrYkssQB2zvRT93UxFk3BM7b5pWfqcYyz0ZDuOGuDqfVZW19tirnbHFcu7q9RqJbrnxExiunPFrN6kepueu2RQl0nKZ3KFL/kVkkBKbyYM15n2APqfvhq8QgY2Nu9dPCMeT0sPWNNcf19Kncxj4o1vW2rji3eioZTONq8lK4dODFV1kj6njvTwh5vZe4TM9QeEaLHUTz0zCQmz3K8bZv3LaSt3Ew5N9q6Nj1a5GKXAVdk4rn1xZ8J3HfuSMGHmlpqSyNYs6m1eiMJivJncogEnJwVyvLpOm7aYynG5TMpnTkcjw0C3EXd7YrchIhl24pOVtGhcSCnNS24BfNAtr1I7YrbLDgaGjXLnVIO3DWbshemLsGM+aWnOXUBjnLV+8Msc770BzIkXvsUW5E6cFLMhvAYek3xTBlM71FLXpMcIZTal4RlO6qAchTjHMUOawRIOcZ2orFmCXJPfO1MRiDloJNNwzhzjzR5AwjIdkz9virIlFjiUcOONnw1duTJRcps0Dr6EE5qm503cwdw3KBmRg3qFzBzQvcZGZbVjrOrp88VMBLkxNmsSm9JEUw5azlUPFUuN0yvFWQ1fU92sXJpHLvs4PNXy71U4fSyexseWriaUjFuObnJwY4pwl0mcYz2oFqGFZc0RQ3WpJhaNGS7vFaWKYd2lpXowjleeCgz1hhTYOVqpa6EJAboB4oxqbUTBHjztXn73qtuAkYspc/FKS9XuSMRCIcud61JazbHrXXW4RzP6XGzyFEtX+p6oX4xfEjnevFPq0pZjP6jwrzVnq6SX2mTwfVkrXjSdR7md6SLKJIDdiiftQTWWY7jsdjOf2ryNj1yNqYytSgd0N80/H/kGmnguTjLY4jhPNZvPX/FljvSuWLkhtsWT2xv8A1qQ1DZRYTDLiQZK5lvU6G/KNyMoyY7mdkp6Fy9CeYSjxsEs5O+1T4umHXi/UZj8ctU3NLcOqE21IdyW5Q7cbN6eGLbX52zR5aS2mJxzg2R/+81FlZLeDeUJb5EMVrrjGQXFF2zhf7UH+HuWl6AlHGTDvWOmLn3IO/cyJQM3NNbuRem4C7im3570rd0dyzBuIyAysNzHx3piyEYdPuzTO3UCnxWpz1BHptBdgbIYzj7UHL0stAX1np79xeZSkmH4zXYgW42j+Hg2jOcYJL+WlZzsW7mZ2T5zyfCNO6XU6eUMxSIbAm1MC2qnqSGbV2OO8W0DSNzUoBcczeIhj/wBq616ROC2ZW5SNzccVyrl25GWLungpvnCVUCszZz/n2pWscDIc/tTXVbRSMXypnNAlfGO1uMXznNAZyZfS47U1DF29KMcW8GOA4pFlO/cWVyT5A2KZbaxFcvKUO3HEto5z2CmgsZluBbgpjlXdak76HSZlJ4KqUFeQ+K1GEYRzsrnOCi4q3KUTJE63bON6KWOglKf1XHl8fatWbEz6pnO4dwpqFoE6u3IVMHLuWxniQudgosoMIkcI+KfuX8fRbtLJ2UNj7tJXFjJJqyXL8VK1EtxcZaPHZ2oMZeSjWzfzUkKYt5701YnhWlYSwcFEtzBxzmu/Dl06MJq4xvmjRkHOftSkZ4ByfvRbcsqyftXVjDbVZKuqpglVV5KpqIlR2KlR3KLqZOO9YnnGRqlwZxWWbjtS3FZnMxu796x1COHtWZmX70PLHY3KzaSB3JsXbLQVzumKYuB0KlBlK2Rxly8YK5VvkLMSZ1REfJmiSjGUdnFB6XLl79q10DuyX+lZbU2Ym85Mo9wcVXvRjELcYmHGVzgrcpWgwDJDcXahuoYiQ08SPdTmg1K4YzOangKp1WmtuYaeUpYxmUv8UpclO5LcA8Has9JGOZIB5alphm7r1iEYg+CktTrb03MpEA2AoN7VGEt79hxSF2UlzOSHjNZ2rjeo1ZhCecG29cbV6mSKS54K3rLpHqYvPB4rmykyd69HHH9Y6uMxjK5Lu77tNRtkY4Mm2+K1as9MTJh70e5p7tm1C7ctThC6ZhKUUJBtke9drfblQNTYu6a3buXrbGN06oLxIpKSya3enKaCrE4FUCs43KsZ+sxMO+9by4whhrcYgG2WtMcvGKlrUgOGJmL9yrhcy4dqJ0Lw5+KFOEovVhMbtJZU65/4YtTnCWYqY4a6ul9RYsS4c8q7NcmydZn5702QJ2mO2UwPis9SU5ufXorNyMsI7JRpG9cD0nWsb3sXj6ouB+OK7+Pq3rlZZXbZUDDn96En1Z79qLcMSwNBf1Nc7FlDnJM/NYhlCR5zmrn+pUqoyEIhjDUU1DhXvvR7Ujpwu9KSuEYODMg2PmiaabKJvv3oo9zHSEXDneh3drSgLjYq1WWKkYyko8NBkEjFDBIM/Djet79IZfNWxOkO40SAMM5O4lIWsZJx3Nzihy2kLu8P2raPuZDEWs3DIvnZCqiXELe3NDxL9R2584omMRB3yb/epF+lMVBYjuPNXIzVQj0xBcp3rYLPFWQtVGKO5is3BZYKP04PmhzkDhrWM2l5HSZXGKS1ushZjgkEnOMtD9V18bH0kjOcIctefZ3dbqABVcB4K3zx/wBZvRu56jfvTS0ZwYyuf2oayZdV65Kck3F2q5hYi24AIYX5pW7cxvnOeSumS/GLaJO+mTjbmgyu+GhsmTu1WK3OZIz7tbLp3O9WXN+PzWOn4qyKoHdwVch7MW7hOKSwnzV+xCccixlztQbludi6wUUBcOSiWb2Vz4rNlnxdUt7TzUko+HZro6L1ViRgy6U752pYkdKIIlLX7LHMoCH9qzk6mVqWx7TTa+N6GVHbmL3pu3fvxDpujHsJlrwml1ErafUhnka7el1xmJKUnPO+a49cXmunN16q1q4sgkJnxuNGndtyjuZi8JvXCjcT6oS53Ec0SGpQ6VTuY23rGtY7BET+XcjGR2eKTu6jUQmhGIncEzQbetRCZk8961O4Tcwznx5poj6jGVyMNXcInfqj/mnvYsSj1WLjKKbY7VzIEpT+syfJimdLcnZn0RJsJOUUQ+1EY1HpluL7kScpc84aXZ2rZ7bqLvVhyS3x8DXSnqoKxxK04UlLcz8naue2Luourct25RA6Z23Ofv4pIgERmZjnGdnFOafTMV6gBOWnrGmtWbXTEyHmjkIJlM5rWH1zZ2RXbJ8VUbUj6bMAHla6HsxzkPsUSUANzFQc8sRhEJHU5yrUjaiJJMeM96ampkjEc92gytSVlNZS7eCisynLP0h92i2Y5gHD3WhSjIecfKUeyxxiMySc4oKnZVd8DzWIaS3bl1YZKYy7010KDJM/ep0vEUHy8VKrmX4MZKgHitWUNpNEvWruVuXCacYMFAIpulMP4NKaP01u3NUzS6yI5Nj5q7clea68+nO/XQ6kDL9qNC5JcOwcUtEXGXitdbkDatys47VSpnFVmqn1M1KnercUL6ZUKkkDJxWZoGM0vKUxTNLZCQZltsZoaiZDatW1I5d6xPEnJkPFcuumpGJIO7WJpjJVzjkwJQo4ds1NaxJKxw/vQGOHgprpASQUElGUkO3ZqUnoEwy6QXD2ojADKP2rWHO2A5cVpO+ai6Wu3WP0luJk5xvS074iI5ouquBJDK4xzSM7nTvgz8tZtWTVXLjjEdvmlbgxFnNc85rd7U4jlAPgpG9qGag7eKza3Iud6I4iq+cUteWW/NXuuR45o0NPcuGYxX7FJ9ascfV23p37b0DR2m7ewb4/Zrv3PRNdqo4hYkiYM7Ypn07/AIh6lFRjEXc34r089ycuV4trm2rB1Zx2xWPV/UNVPQ2dFcvylZsqW4OMRzyDzXrbP/C/VZgntmfMtylPUP8A9PfWJ/XEtzfiZmk7msXj28GG4VowbZ3r0v8A8Ja/QXpOu0crkOlMDhFNkTakXTavS+nX9Pd9PjImko3GIygj2TfDxiunnKf51yyi24SuOIRlJ5xEVx5pjS627pdDqNG24ML4dXXHKJwi8NXoddf9Pvx1GkudF2Ig4ER5EalpmfTTqPTX0CGl/gE18brL+KjPaUXsn9PxXNmdX0pt2a1K4zkyk5ZLnbu0e/e0ctBahCyw1EF6p52kPGTyVn+n8JWAhe6Zc9q6MI4gPiufORO7FDCGMldGwDaBcpW78ci2uh0dGog4Rw/JXo/Tr5qNPauDnJ3ria2BPSyjhU4x8Ub/AI1eWMrSv0bgvZztWbNjXNrvzj1O21BnHC4pkBM4xQ7kQy4rlY6Skrm8uaqIRjmruITxWJPzisNxDM5mCmbciN0iCGM57Z8UC2K/Tmm4RCWUHLzioCRiylkN6JFIyw8Yq7R9Yeaahp8KyMxx3qKStQZXup/SmQeaK22MpLwO3zmmGEYxJRcSimz3KD7v82ROOIY2QqxKFKQqBg4qpEen5o07cWQiJih9GVMm1NIH0MoZO3NZjFEAznmio9CG3atWo5MfjNBcbWOStdASyHamG0kAEURftUlBQQxXTnGbS0+NqQ1l8s2p3HfpFxmn9TmMXGDO1eT/AOR6tbhYtzdv1YefA/1rcm1LfTlX7tzV6pVVVxXSs2TTWIgYlI3aU9K07O+zlFcGwGctehseheo65C1p5dO2FMVe+pPTPPNrhXAVUznvSFze44CvoOm//TzX6jDqNRbsHCZy03L/APTfQ2T+f6lFed8FJ+kjXhdx8zwBxzVnO9fS3/gXo8dv/UTPym1KXv8AhfpkY/y9YS3wI75p/rGp+TwPT2DPYDvWrtm5Zli5bnCWM4lFH+tewP8AhzGcZae/LqjIYqDuORxQf+Sen+sepa3+J104zuQgQMR6TBVn6cl/OvIb53qzJLYw10tN6Jr9VrIaa1GJOQsWUiI4Mu78Vr0p9P02vk+q2G/b6JRIxn04nwK98Nb2Vy64s+lrSoZ7c0RiIicmKHYT3ulRiuzntTrYXK7eCs9ekjkyj7U2K/aj6O69SOfvWtfb6YCm53KmjtZzIMiYz81LZeWufrrWL0ovTGXxjtTlm4SxGa55w1zYGDDs9qfszJwE32xxXmdoa+oeMx+1E9y3IDPS/O29YhccEXOTke9F9m1ed3oU7maRLG+qZLpkSMGR5Gg3dbbsS6bl4i9u4UXRwuWbqW5yYo5FyJ4w1jV+mafWdWQtXXcYuy/arEtKvqF2/cIzsJsdM4S2z5TuU16V738VcjdsFpDJ0jiR5rz2o0d/T3/abnVjsKJXd/4/fuRZxvXZdIGCTk/Ga6Ymu7EkuzgovbHesQvRlyhj+tW3DDh2N81PhGzOaqS8ZoRcJGSYHy1hnJcRRz81NhjbIHdpW9eVx1m2+1ScdQv02mWfFEsRvZ6Z6WEY95Ed/wA1FJTNRcvAdSdsuDFM2rbb+pd++9HTKxD9istldlqK3GbLG+A81tDu5rNuHTtlc1vpT4oBIstor9isXbUmIsU+KZ94gYKxcnORgdqH8JGckU47Ua2MpBGHDuhxWZ5JKht3KJpb3TJjGeM8j3rpKxYNhNoj+1LLIuZeB7U63IriKOeUqRsRkLI43xWtZsdVc1VXmqcVtEqK1M1TIBoA6hSOQ+Cky8iRnky7LTt1EQe3FKStb7m1Y7Xka3JBHetZGl5SlAMP3+a3bkSPFcbW5A70glu4oMozZZjvRr9hTJIKDb6LRiV835E4fvTTGsXCI5ftVQEk9UUcc9ko3vWyI5H7UOertjjEtznG1UEikTOT80lrNQoluWHulS7rSKHtss9zgrm6yVy5FIzYidmpSAXL2JKSXLzS92+ycCr5rGJROkchtl3qWIs7hGEWVyTgAytYrpMDYyd5Lhpz0/0jVa+TGxYuSxsyxgPzTtnRx0kur1Awpkgm5+KJqP8AkN2xZ9vTyNLaxjMTCnikjUpyP/GfT/TY+56lroM39MDz4SgvqGjsTzYsyYxMZTbOa8vqfVZTmtsZLl65quaRvX79zLKcnO7hxW5wl6keuvevXogxnC0Dy7tK3/8AkEnDPWYxwxMZryMlHOV/NagrznFbnCeb1MP+R3IuTXX3uIvP2piH/LNaYI+o3UOyV5HKGTase9POO3angvlHu7X/AC3VTOm5qbd0cYHA1Uddp70ZF0nbVMSAT5zivDRkyHI581u3evwf5dyUfs1nwv8A0nUe3fSNH6iMbN6xeuBkP0y+1cX1H/il+zKUoQuW452JRyfvXNt+p3YyC5GMvk2T7Yr0/o3/ACvUWCNuUzU2nGbV/dPsv+an/ty1/wCt/jx2q0d3SoXYo+cbP5pWa7L2r6zZf+P+u3ZWbluWjvTEYoAr47NeV/5P/wANvemybmnOqzn6ZxMmPD4a6cd/9crzLcePtn8weO9dTTYwJ+WkYW5wv9Fw6UcIldG3DpDLgDmuu68/Uy43qDp080E2pb/jMk1U8eKPrZpo5Gf1Heh/8ahiU7nKuMYqf/ivM9vUh9JWJBjNbhvt4qpmK5WukhG/Ezsc0JhsGP3pmcc71mNtUMZ7tc9birEU3xtR8vUAVcYIYD8FM2tOqG2XyVLVYtdTIQ3UM44rquBIryYyUKzYjbii9SuVxRdpYD8NZtUDUQywMYkOFO52rM7EI3fpyKYR4Wmy0zTqXbuVbAVJ4ccOKsqYRnaxnG3w0GUEcjunBTl2OVN0KHCJKSJt58U1cLMFc455o9m3gyUQgBh/et2gHHikLBIwWqnb2Q7UUSMepQDfLRrNiF637+qumm0hzNcSl8B4+a6SsZa4erjKc/atRZzkYCJlz+KVtf8AEIW7sr/q92JOSJBlhx8+K7PqHr+msWm16PZhZhESV+YCndy15bXes25SZdctTdl3VxVlv8bnPr29BcvenelpZ0Ubd5QVtmQfv3pTV/8AI9UdUYXzT2+OkTI/jevKXddqrqxZkY94xMGKEo5XLnlaeF/re4713/kmoVXV3pLzhx/Wlr3rMr02U+u4426pZx81yMj5xWoJwVfCLK6n/qm+W0Oed+aJa9TjKREtyivcliuVxR9MHujjtWLzJFnuu3p/UblmRK3duwlFyI5rsaX/AJVqza/7F8wGJxBPyV5gQqx2rjtjpkr2L6n6RrXOu9O9teZ23OP2xQdV/wAR9I9Wt9Xpurtsgz0y2RrzELlyLmM0BzjO37UzZ1YTj1jBP+8FE+as/Sxnrjfjm+pf8c13pV/LblKJnBhHHx5qEWURkIpnCYSvVWfV79+2WtRI1dg5Jcn55oWo9FjrdNPWaOMiEVJRf1D4+29duf12e3n7/LHktfbHSzUHBz4rHpkGVncdnanPVtPd0+luRnbcBjq7NLekC2wXBXSXeXOSy+zUrSmQ3N6GXWE+qJjs4707diMEDCnNKunRzJA8ea4us9we3rGbmSCOzj+9MQ1uDCRm9gcVzGHQ/Tx4rPuzhLJH85rPv+GO/YvW7ggpLxxVX0idIkbktoktiXxnga5On1XXMJyI+DhabdXpLi6fU3Hc3JOx4381vmVmwjqNRq7Oo9nURZwNyMzeP2fFOaCyajqDrABzHkpPXae5YvQY3m7aY/SrlDwtPelSuQZXLIMo7A5w/DXb+Oe+3RLd0iRjKUgMZa1PVaizFJQgh8dqNp7krmJoW7g4YyMmfjyUaOotN0jftluctiUdx/1XOxqUpa1jcBjDtncrUNR1SSdsMeRP68VrUekae/mT0Rkqk7SxfjjZoLZu6SPT1sjsZy1lTPvQkdMVMcgtX9WcwZKdlxmue6jUOzYyvCO9EtxvMhuQuR343papmd7U2t5W4xE7/wC61a1sZyItmW+ymEK2TtRAZSUMoxaJG5aQYg5+OKmmCmxkFzxU6vJVdZCLJV22Cg+7ckZY/vTQSMBll7VpiNKe/dDYw/PFMQussZwZ8OaoW1dl3kJvtjNKwiwkLuHaujqgnENvOSkLh0uBdq1GaPZmkgNo107NyLDeuTbnEMqZxTVu8Yyfitsu5U71KnFdGNUlYmbctbXah3EFGiAXVBoIXEyS/FEvpuZfxQSbwL+1cu7rpzEzJXqwnmhTkRcAvycUSUpGy52oa3JZDCfBXJuJazLOEPOdyilmL/1gvkjvS053LPEQXfL3pe76le6yNqOHG7TVH1MLdmSTlIEyETeubqNXAPpJ7f8Ak4/rVX9ZqZzxNZJsKUGOlv3PquGDGy96SpYNDVQunJsbpwUDUX7apGRLHhpP1G86Oy24SidWcpziudo7/uX4xUI8Oe9dPG5rP9da0F6fTEcvfFdTS6ix6P8AzLdsvaqYkcP6HzSrM01kIB7iYEMYrl67USs2Jzto3JO67pXL7cdfk0z6l6zK7eldv3C9qZbO5iPgArj3Lty/Jldcq1zOuRJkSepcr80e1q2JicVfNej/AC8fjn5+zWMG1ZnlKyam1Llx8Nb64SMkj96zll+LsoTHER71QC7NEkCbb1gCPetT4kaTz3rLEOxWtnj+9TC8FRrFR+k25a2c7lVg4xvWulOKmrIkwQwYq4xM45KzKMs7b1lkm3NM0+H9Lr7tmRGX8yHYXc+zXovSf+QX7Vrpjc97T5+uxdc/su5XjoyZS4T5o5OVt6yWMcNZvP8Axeep/XrPUPSdP6talrfT7eAXNvliu+K4ErcozITiidmmvRfWGGpGzcI3gwxf03Dwleg1ei03remdV6fH2tXAW5YefueSpL1zfadcTr48R6nPpssF3cAU96CEbcYhhN1zXL9Vs3YagjcEllHPnNdb0uUbcyOAUwvGa7W/+rnObK79sCOUqrmF2rJMMGa3LYDZrz3puQJtnLWYGXBxRkTAv4qoQCWeTO9Y1uQWxYZGVx4zTlqJA3TPmh5ABNnYxU1K2oBhc7bb4paYrUar24SYR6jIKVLF5ixlIWCftQIYkJ0nlMbNbcxwG2DiouOgXYp/LkZOy80USUcS2WuZbmRc9OZHLk4pyF6MwHmppjN56HJFTunagScKm2aLcku3hpe4oYOWpaNdflotuQbmVXABuvYpPOHdoV3WTsKww3A+l/8AF8/etT2WHPULropkdXFb2CULOchnhf8AVcH1P1adyeb9yV2ZxDO0f9Un6j6hKV2RK83LzvKcnKfGa5nULuivLnOa7c83+kyTGtVqb2pkxuuI5yROCgiBxjFEjDqlndqpkV2/NdIjBLL96igYKvoAU7VhFdqqW43nJjvV4Dl3obIibvFZlqIdstMv8PKDSl0irgN96LorzcupjGDOfNIXLkryRDBwBXR0dhsQ+rGXmp3JOfbXNtp0StDQ4fNbONq8ljvBI7ta4qo7FXWFahKVuTK3JjJMZK6Ol9RmSidTalsKLiT5SuaFRKbYj1ENLo/V9PLT6mUYahMRV+m54x4a8/qPSJek6mVuVuXTyCZStabWzskbczqgd+59q9Bo9Zor2klY9UGVmUf5d/GZQfC84rrz3cxy75n15rDIzjZocrWdyPFP6jTy011hgY9nkT4aFhwvP+KtrGYRl7mU9oTFLTjkVEx2K6KRgZnJlnt4rF657dnqt6Vky/7PFSX2OHOTCeRzh4zQr2pbhIYm75zTGqlKdtJW4ib5DcpC2OXBnOOa9XEljl1TuklcAiyWLxFchXe9LvFqGJEjqUzjauPo4IYTvivSelae1e0GJW0STiQ7gtOmJ7pyMuqKRBxvjG59quNxYNuUTA8pvn7c0K7p52UlMlch2nA3Phro6WFjUW8259Ug3imE/feuetyFbcrtnJMbg7ibY+KI6m3KOL1hfnGabzbgdMjCm+axg39mUYy7CbNZtaChblM9yyZgmekMbVuIqfTI+5QTV3bNwhetYlyI4Gjx1Nu8KrBORqKxO1KW4gd8m9bjpLODM0cclancYwxA6s/NKXNRfI5Qjvzs1LAToCO7nHfis5gGeo22xxQi+SMMzPYw1lkr9SfjagKSjJ4MfNbjEDYD4KBbQd96MI8OasA7zczsqb0n9cpfUofNPXYxTly81y71xjexAUM1ufGKbIxecNOWgY7lc2xdUOownO1PWb8SOcVtHoKi1nI1mUjG2WujktkBQL16Jklj4zWlz2oE7ZKWU475qX4s+qLgvAhQ7t+LHETHnbFHUhHv+Ck9RcUUir2xXHqusgUpT5ZpnxUheuCRJKfBVRjKZ9R0j5rMplp6SO/krDS79ySb5cbb9qBDLPBAfGOavrVwu72rdouSem1Fy8ydgqVajBjzEHw1jURlC17t64RgGSJzRYWLgLNV81x/XvUNPakWJSfp3Yjunitcc7WOrkee9S1DfuykrgXA+KN6DZlcuyvTMwjxk5aWvwsagXSSkAmITRd/DXe0dmOm0NuAYAynlea6/pZxzhxNrV+YY/8AJ7eK52ustyxIj+rn701KTOTJMC7HisScteTm2XXS/wDHmkRc8570bTWS8pJxg2p31LTxkNwcIZduSkdJdbd82yS5K986vXOxxzKLPRseEfxQp25Qcp+afuSIm7tS12edjj5rPPVv1rIXJSDAuHmp7kzv+9XNwbHNCVrpIxbg0dRIdwfitmpR3iP2aUXDVi0vMqeeHDVxH9L+9a/jIPJI/FJEmp1FT/OL/pT/APGWwdpZ+1AlqY5WMXfzSzIztUzmk4h52jupnxEA+1BZylL6pZxxlrREeakwHYxVmRLbRtIEr8M7YTfOMV6307XXI3LTGSX4OYzHGfvXk9DhvxHiu1azkkKI7J2rzftcrvxfT0nrGn0vreilqrVuNvVwP51o7v8A5RPHmvNaSMrd4jPDIecc12NHelcSVuXRfgc/+R3HyND1Vi3OX8VGHTnImOJHJXGdXMdMjcJMnLg8Ypm29Ttu/NKWpxhAdnNEtXRc4/FYtMMyyyc8lEhi3D3LiER70FmRQIspScRicr4qrEbc7moj6tYnO704tRhL6baed8PakUSOshO4kBkdkc7+K1edZbtQv3NJdLUs4ljI4/tWDJpo2YWrVtEl1xPq+1Pw1Urnpv8AD3/U52+j6iLZy5+GqY5trV2+olcJR23MbLTVuULkHoRzvtTGi9SvWbfTKOk1WTLCcMSD5rVy5o/UEhasHp+r/wCrF+ieO3gaLeQJQhGG/Lz9qwGNuD4pe5cu6XUyseoDbuD9OTBI8jWm+ONwKl+M4YkyO5ihymx5BKH7hnaQv3qrk8jhyvaosgepvkd4m6bHzXA9Y9R9iDYtTzdl+qQ7xPH3p31HVx02nndVZP0wPnFeRuSlO4zmrKTlXu16vw/Pfdcv068fi+rLlfu1MjvmsPNSvXjz3qidacSQPmrLkh2k/vQh7VF3qeMPOjN+4mOt+1Y63y/vQ60GaZFnVrSqZrPG9bxttWUw0i0zoAb4pwV1BHvXL0MXryuNtq6VvZK8/wCv16fy+GI4zWu/xWItaEXFeau8EFxkrZLBihiuO9biZCsVWhz5rQVnGMVcazRoMjimdJqGzLomErcuR7UuNXtmpLYjoXIFiRFkumn+jO5B8Z8NI6hLE0uSwDt801obpcXS3t7czBns0LU2GUpWbkczhvFX9R5rrz1sc+uS0JE55RI42XmruCxYnVLPfNVbDL1Z223qTmH6XeoxXM1sOmKMc7LzSej0xcgyletW8bhOWF+1dD1VHRyTZDnG9cTTW9RqLpCwSlPHbsV7Px9864d27jr2M27vRM6ZOEz3PivS6Seq0umtMAIoLk/vXiLsNVpb8Y6gkSyYZb5Phr2fp+oZ2Ii4lEBjnI/NX9MkZ5l129LdLiSTpkGJRHIjW4xjDVNyykJLiUU5+1KWQlDqjtLOAHcozme0nCd64OuOndsQvwOoCRw0vLRhkUPtS9i5q7c8XAlB2JDuUz7+XExcnIVN1XN1sb1mREiyM7SNwrFqYy6buLcnccKP+q6s2LHEjqjjcxnFc+/OE/phiQPc3GgvqI7KPyOSg3LN4zKCsHsGaQvCXPpuS27Z4pnTX7hDpyId8b1RuETG8X74rErIuR/GaN1rFwu/hrPVmW+3zTBRakcG3xRYRwZkVcZxjyi4471mU4vC5+ao1KLKLg570jqLaOTB8LiuidOMRn0vcaS1L1XcKvbPatRmlhYmNn7Ue2XJH0xV+Crt27Wcqr4xtTRIjHENtq0y7eMtYYuO9EN96prs5BpS9/DFyvG3amZnigamCxEiKd8uazfiz6Sz2y4+WpEF5KFOMme9wifbNYbhbkkXq+WuHVd58EuXOnIxE7UnevqsSGMPNGZSm/U7dgOKBeIgq4KyMxuYnFjEznfNOmrjD6YhJXkeK5FyeVIoD3pvTRjiK745oOjCTKX17/Fed9W9FlqPXW7cA07Ekp3x2rvNwQ6THikfUr7CxjOZOd1pOrz8Wcy/XEuaHTz1cJWLcYdDnY5xTeomMi3nflrGhis5K58ZoVqTd1V6ecg9J+Kx3bZ7dLJJ6ExkxQpQVN6NIwbVnG1cZWHL9Vt3G0Mcoch3rmacS9FwuHgr00oiYkCeGlJaKzGfVGGHO+HavV+f7Sc5UvO3SkrcpciZ7UN07LgTFdNhjkzUIicVJ+li+Mce5o5pkaF/DXFQM4ruTgYxzmsdAGxt9q3P2rN4jiT01yLhitYbUjIxf2rusAwhmo24yNwc1qfuzfyjgMU2RHirw+Gu7K1BDMRx8Vl08OekfxWp+0P8nDxUjFeK7X8LaznoPtUNJaM/Qfer/tCfk5ISP+q/iiNuUov0vk2rrlmKIQzgqR06ipjwVi/tF/zcWxclZn1RcIY3r0OkxcsQuJjqNz+n+KSPSyV4ZPfKFda3bjCIRAAxgrl+36c9SY3xzY1ZlK1cJx5OTyeK6o25RYziNi/gU5jLtL/DXMwB8U1oZRkTsXASQ4+/evLOvbtyS1MGzfbcsDF2CtWUcZ7O1dD1m3bv+m6fV2oEbtl9m8HdAw/muZYWUgxvnFbOplORgzuFwkx6RGQ4Af8ANUXGcWNsSI85wpV68YW7WniuZHVL58VIYIDwBsV0nNsYvWGrcghnvjIVUpqIYOp3aFbmyBcbcPxVTnjL48U8U8hGRC6bC4wvgrUpJmUAYm6S7/al4yy5l3KtnlAdoucfNPFPKjaxdbpCNyc7mnjsxcM7L5HwdyufZu3yUtPeSU7Tgkf9o9n807p7xa1QqMJ/TMXI5oHqNh010lbFYbEnvB7P2afJlbllDbvtzCbjJkxufampo6aElBudh4CudhZC45zxR9TP29Ky36nY+Gsjl69NReRcwi4if5pK5o4J9u1OscVTBXNdee7J6ZvMv0g6GKbCfJQ309wpJ/aun0vep0oOa1P16Z8I5EtFMMiNZlpLhvjP2rrsR5KnSDW5+1P845BpLrwVcdJcVOlMea65AXbarLa7BS/tSfnHJNNcjzF3rFyzLpzgMb7122y4FM1iWl9zGwYqT9vfsv564tmUi4EM5dtq71uObZk3TLtQ7Xp9u3PqQWmyIYwVj9f0nXx0/PiwPoMfNQjjijdO22PzWekzXDXVUTc4rcdjaqx4qwTes2jQVoAc43xVHBV81kTG/JUq/mp2oNGTcUTcrpXGOp0Mb4Hu2tnbdO5XMDenfTJkNV0SywuDFDzTm5Skb9uReekUlvntQZSIoI5p/XWmzKdpXEXORxkeK503EsCfmurjZ7ZvBettuTIJGHBmr9A9MvOuY6a1K70nUsRyeM0bS2W7JWXTEHMscV6f0Vnp/TpGnRtTeoWKKnzzW+erJiTja876/Y9z2mcfrtm4m/PFJ6e5hOmSTPPeu96tYjO8zhcGQMpAYw15+/CVu91gdLvk4rW6XnK61rXzyDEJnc4aajqbg5ZDnv8A7rj2LkZSzkx5e1PW0HLuY3M1m1LHTsau7jGR+E5o/wDErjZJHJ2rk25I43x2fFFjJHCv71NTHUhdJR5lGXw7NClKUp4kKnfvQLVxXEn9zDR4zTGQfk5rUqF9Vp4SGUJMZvaUdn80CNrUW/0RjOKZcb4py7eHacurBxjgpVlH/ooZzVAy+5xO3KPbI7USL1AksffvRIwt9OZIZ7ZoUosXEEkdxKovOZVpJDmKj+5WAkO+1a9wiJLJ42zRIYtKx+oM470vqY5RYo+R2okb8chznuUK9eFdsBVn0odoYyzufejZUyOKVJ53RHxRIyFN8FbYeqyOCooGV/FZd6xJz3rs5NSlF4oF2eN1DBUlLbdwPcpbUgwc/vUqz6Wu+2rIc7dmghGQobfNSRKWwmOKuPTCOOWvP19doHOZFQcYpe69ZnPeruSWbv3ocoychLnsVlpiMLbPLLjtTmm6ZyYxQwZwHah2tIW4ly5IcmQDGKluM4X/AHLEumYbOM5/ehPddjT6O3es9cLgzEQztjvmlfXo40dzS6nRWyYkrd629u1C0Wpu6nqtwIEgVDAr3MFa60z1HU9x33rNrtkcuzAt2JsTOBcZ8Fc704fZlJx9Umu96qws2ZwkRtXm25jw+a856RelJbLuYyPzU6n/AK1no7I33qgoso4zms9LXn1nGMZ4rKYcUXHkrEw3zVlUGRvVYKJjPas9NblGUrPT8VtGoGfNXVY6QqdI/wCq3jzUwdqumMdI81OnbFaxuGMVojl271NUHp32KLGAmXG9EIHczVkTtt8VL0MxiRNuK0RzLG2KvBirDDvvWbdF4B4rRUxVhWaLxkqEmEoyHCOanFU4w1P6s9OlNGKEeuN6IMecobJ80h6fZl/GxtzjKLH6kkI4KasyJ6GPSLODxnGd84z9qc1WslrNdcutn2YWLRCMZIpgy5Tmu3M1u+45Ny5C5rr9yUgB6QXbY7VrrjKOM5O5nfFcNnOc5BJBkuT707YslyMmdyUUMDjOcdmvRJjh1LrpsoAEFQ7UK7Pp4Fy5dqWt+6KF0extjFFky/Sq52ozg1qTPqcGAq5AR6smMdmk5FyGSGXJg+Slbk7obEkeQ81ZEsOSBgsfnc7NdO9cNT6ZG/HDKIkh7nD/AF3ry871209475w12/8AiusNXY1Gnuv1ZyHwmH+tTvjedjXFsrn2Jy92MBXLTfqixu27RnY6n80DRW5Q9XIInTJ3TxRddJnr7iOcYCuN9OhXp88VSBsUTCO9ZTLU0ZN3moGO1bxUI700DYrxzV9C9t6KR2K1gOCp5LAo2w5zWwxVvOxUMeKWrIrfHmrDPgq2rjjfNZVdQKnarjUqypisvPNae9ZpFTG+Khg2qc1Dt+9VGjjFa+DesZ2xWhxymalGsVdVnJWtsVmqgd61FYpKKiOROzVYrSONjepvstdHVWTW3bcrMWXWAgZDvvQ52LVubFtw6ouHIZKN6EdekuMl/VhFroe3Dq6iIIOHBXafGbNcyEZTg9Nt6TlI7UzoNbqrOq/hYs2DH9IbGfG3Fc+5qL92xCLcUjJQNgx3wUbQ6u/rfUGNyNyLbtYJ2p9Dt3fNaJmieo6u6rZlatwi5ykMLjytcS7agTwGR7LXT1N1uXW2EmMXIzl1SXvlrn6mMSWZHPDnDV1jv3Sd+2W3MRiP7U5YvEoguEN8tC26emeZxe0qssWkOkQODOcUZO2lXHVnLmiDK27uDOaUhAjEFk4753piEuqP1SXt9VXEpmNxmZkmcYyd6vqusgynyUtH+W5FcOcU1av25GDMU8nNIlGbkJW0lHEx54zQZwlKOIv3wbtSdyEkL1uQZ2kVcUdoXCQdsYa1EpUEniQuPNElcYP0PPI0SRGUt9nvVSsiZ4zVFFxTKG1bgRn+p/DQ5W5RMiSPPipGcYgKiviiGZWohlMeEpLUSjFwSF4xTZciQyKuM4aTvy657xDLnNWfUt9MQJSFzmj24IZXZqoTtQgBI8tEhdhOQdRubVtl6TOc70K5HOd/jaiHOw1UsGVrs5Be0Y2XOOVpbUjCOGRtzimZy22rnaqcRTJuZwVL8WfQ4zi7GTHdoF6WJuVe+1WXAdjJVzxOQhivP07Qq+QQe7W7IRRxlPPeiShHmcuDigzugYg5ay0LfuykYXtsVeku+zeLly1G7bijKC4yeM0pGWFVVe9SUZSMyyRKlpDOrlY/irt30+yaeEzJhyi84exWfTb1y7Zk3ZMpRkjJcrSvuEUGWB4ovpz0XLsdmMnJ96y6yi+uX539DcnMjKQBlN/HNef9HlbNQkVyxTeu76iMtDdDfbiuF6Fj+YJ9UXn4rV/+FZ6vt1pGWqCtJmpivFozg5oUtmjIjWUzVlAqyxzzRWIb4rLHvW5VwNiVMfFaROKhvtVlGUPFVjwVqqzg3q6rIYd62YKzV0Gs1M43qt6rLUFrmpnep2qY70BBrZu0M2rcWs0i81nFa7VXPFRdOemxJl22mcg1rW67Tw0tyM5Be6cdJyuKx6YpqJGdmO5+a4+tl73ql/L1dMsfYrv+ftZQ7FsxlOd6dtgQwfmgEoRkM5ETtmnIRMZERM5GuxcY6URCth1Jmt4x4qxM1ZE8YpGJtvQ5wJHGKKpxVKUvpPFztVbEymcfFC9BXT+tw6XpjPMX+5Tt02RDiko/yNTG9EJSg5BpOr8PCfXclOP/AKq24RCIyerG64/3XPv5dZe//wAmmNFr7nqPqVuM7cYJFx096DcH+N1I8xm5/auHUq0PGanSFadmsrWNRMHcqquqxQX4qZf2qYqNFiuahnNX8VWKKiPmrOKvFTG9FWVorJWjipRHcxWU+OK01VIay1YbblXjeoHjimmpUDbitBW4wVMGX4qW4uqDBWwNqM6S7C31ztzI+UwUFEcNY2X4VYfFXjbis5qEkPNEdH0Ob72otKYAkAfiupPaC+CuN6I4vam5FxOMTd7HNXc9Q1VyLFuAP/jEK78/DS8HJF8rR7M3T3/dgHUjFyZ2aAWyQnUeUSqJMHp6U8OausW+xPdOtUcrupSuqJTUhHq27clHkrFdstAxcFxER75qxLS0ZOMSKJbmRyG1Ujje2vyUMlmWMZXt3ohmM2Tu4+1WRR2U844aHGOTfJ80WQ9P0SR7JVRCcgx+2aLavTgHVEl/eqgMo/UChyNTB1YM5/qVTBo6hljpyJ2SrJpLq6SL8G1YJdMsy+o79kosWMnEUf8AFWXUVIZmVH71uMkAV+zQ0w7qVcoyIdUUkPzxWkb6gdtvs0WJ1ASBOc0phHLvmiQlcXEEfhcUKbLUThRKU1ECKkkpiMpsXqjhOAea5+tZTk4uRDwO5Vn1m/F9EZxcd6a02ktRiSRycb0po7V1issocZOaej1RiZMV0Zd9UrFx45PzW2Q8UO7OJFFro5FNQXcZFDyNc3VOE6ld+fNOX9SixMPgrn6glJz0u7U6rcZjKK5JZBxRgljI42pJtyJDuHztTdqCQGU+rPYeK4dOkBkYUVlnih9KKpimLsTH0/1aF1RgLcj1Y4Hisa1gcYq5dsf1pe/flNLcMkfNGnclNVCIuwdqWnHfNZtWRGGXd380SKwMsnbjDigjLOCjRtykbRX5qND6a8zvxtzVjLbDv2rjtt0PrsrZkjJ2+RrtWrDD6n9RuGOKX/5Fpm7Zta62fVHBLHOCt8/2Vm/BmNXwZarTTL2mhMRyA/etYrxWZbF1lxVdJ4rSYqsYqarLEqmIFa3qn+9WVYGm3xQ0Ro0jPahyN/mtyjCNTDWseCq+9alGQqwxUWp96aJjGKvmpVVSo7FWG3aq71uJnkzWRDirONqgVYGalNWFXjfipwYqZ3rOmmvTBdSvARa4t9lH1PVTDIz2yc13fT0IX7jh6QP71zbNouWpXJwyzkyM+M9q9X4z0tuRydXfm7NsZByULQepXtNfI3PqtSQkPYzyV1r2mJR4BOGufe0cWSywJx816+cxyttdrqJBKLmKZHyViVxigUPQD/CQjLP0qD8dqu9gkOd652Y78+4JlTPFJepepGjiRgEppw9qcHJnOa5PqugnqL7cjnOADHNOc32ne+Polb9Y1RczNjKK7if55rp2btu/HOQXfGa5LomORFTnajW9HMjkEycV06nN+OHF6n12PS7tuz6xYiSFlLG3zTXqB7frl+OME4xkffhrm6D066TjfjFzBJbG+BrretCXtLqxemQwV22dyuHfP8dd0qmWq6c+StptUDPmvIM4x2qJjitBWXlq6arFTHxUyVajxVXVYzU71edviqCioFWFWm1Q4qWqmMNQzjFWb1dRNZq/vUCrCi6rprWMFQ42q+aGoG1MaaZC7GaD0o4eH70uG9bJIYzisde4a9J6p/yM1Xp7poaeB1AK9j4rzi5VrOV2ztUrPPOH/wBJUq+VrF2XRCUshg5e1ak2mw16JIjHWu5iOF/pQJ5XMc7Paj+lxbfolyUssrss5Xs96CkiWIxU+1ej56ZtatE4yzKKjR5RimZCViNwjglFM90rSkzEZC9jNIyGyBw/v2qZMbVmducdwXyHihkovCxl/wCKYrUFX1h9UXqO+O1LjGcskTL3KZkSi54zWGEbksgRTubZoimbEBeo/qVIy6lIqPYaq5blF3eqK8nJULc4uRJDxjZorX1cJv5GrcvdXyOGtWkk9KfUcjRegHcx96uAcblxGEkkGwSMJ+a1FYuMI9kq52yZhN+zncqyEiIZz8NJGa11XF+meTwlEtXjiWB7bUPB8mKs57JWwbpFy5qwCQmNqHGKOcrntmtGzu0Q0yegRD5a5+qSPKMmjTmkcc0ndiTlv5rUZpnTXnmUlxwNM9eXL3pK1bRFzjxRemS7dQea1Ky9FleKxO1KUVUojHDxVSOqKLjNdXJyNVBjNcjjnFZhMxh3+9b1mbc5JmRjG1BgZB4zWOm4mqRjvE42QoVlSIZ+9NSiSiijS8IEbqDj5eK51uKuRky+koV2EujMjGGuhGJjGz8lYnbFyG3NcXWOYW2WOTarbZGOEFadYZMBtWfbtxRkK+Ky0UtWeqeOgcb4SnIwAxLA+CrZSxiIB8FS3ZZSZSTFUrUYnhfmi+zC9alZuRGEhEqBGEVTLWPferEQz5qxMed09yXp3qc9HdUFxFe52c11URw81r130x1mjjqrQN6G+3L8Uh6Xrf4iz7V1S7DbDy1z/XmdTyjPw5UxUxV15hlN6pNq1xv5qmrGmExzWJG3iiY+KrGTetSrAcY/3VYTtRE3arBWpQNrDzRUKxKKlalGReKhLzU6cVTVRsRrcaCG/FEEqWAm1WPesHNarODWSqUDPiqqiLdvQsRzmbhTsd2km0PWht+lYw9V6Sj8Z2/pTdnQENNBuOZIbdgoN+Qau1ZtmY2omQrq2jqtpLsbV7Py59M9XHF1elYiwMhnntXHYZv4l4r09+0zMG1cb1Oy2Z+4i7hnG1dvjMrFoIwImwdqFe3clSF0xs80O/JRc9qx1Xo5+D23MT7VcgTnelrMwEzRPcV2/FZlXr4FeIxkqGXwUexpZXWKH0870O3bb1wwZw743zXe01ghZiAimSukefqrs2y3GLJxgwY2oHqenL/pd22bsTqi9xHNHmMjCblDhcxPDvF23rPW/Tm+3G01xv6aM03xh+5RQ80PUWj071RhjFjUbwc7D4o7HDivH3Mv/wC3TGMViUd9uKJ8YqkzzWZTAHZqO9bkfFV0mNq1LBnqTarjJxv2qkx2qwaK3nNQazxWjdqUla+1TLUTxUxUNSob1MYPmrDZoqVdVV1BDir71Wd8VSp3qJrZV70PqaoktMTRhMdqV1siUYWYbyuyxjvjvRt8LnAGV8FV6NbNRrLvqEn+VpxIZ2y43rp+fO3TXR1HTGNrTwcRjEXBw44rMbeMZnn5q7QXZNy45VylFbRhROdq2oMo53XbkoNwJ7O0jiRtRpNyKkoqHCUNCSPeiJBuwOmQSMbJz+a3cjbu2sSh0y8nNQ2MFaIyXatM0tK2yjgcY2M1jolBOoT5NynJWuo5w1hJY6ZGM1cTSshYqb+WpFEMUdtsTbB+NmsMFMsEXuG1XDQxM5THyVrrkGByPmtQsylx+NqJGwnJTDVQ8yHfxROkNxqyLjAVi4sTGcY/arIMqdQGT70QtdZmDnyUO3LqcOH5pqzGMEluS+/NVKzbjOKZiSHnyUVhbTJIHw0TZ3D71i5bjMzgz80QvdhnO+EMnzQIW7rIZRjju5rd7TLNepjLPbjFZ9vUWwlbSQu4rWozb6MQQkfTjFF99XBED53oNq4is44aJK515Ihv4rTLvSTtQbxJj9KnyVrDEyu2aHeuBBVDbzXVzJyYp0yMvmgShviOxUuzFxFXHC0Oxdkywv71z6dJGZRYSxl+9Zksndpi9IDADml8/VlMlYvxqH7EIlscqp3onSJxml9NGc9wAO604R33rjfrrPgUraGxhpe5ZCWZc0+qmxQJQy5eazqlmGTbaobGKMxw1AMO2fvTVwJizMGQqy0R3CjETBtUT4X7UtIxBuRXEgim4mc1wfWPT56e+a7SGDOZxP716ItXJCRir9q0aO8wl70YRgn/AGTf7VJbKZK4Gl1MNVZ64oSNpHcaK0b/ANJjC716YC4D/LHBP5Hz8d6ATyJI6ZCjF2R8NcO+ZuxLzYnLxipUz4qblYWTVJtisp8VvBU7cVdanIfSrsVXSnY3omN88VEpKvjAWPespnZoyHessc+a3Kl5BYb55xWWLjamOk81XTk+Ks6S80AHsZqwTtRWB2KnTTylZyh1sNqnSeKkkiKuAp9+GKlOMIspuAOaY9Mj7Vi5rr50szFsecf+9K6SxL1G/mUWOlg/VJcEk8V0Ldw1muIWw/h7PGDZf/au3HOev6s9QfQaZZfxNx+qWXD88V0bSq7/ABQulQ347FbtZM52r1SZHLr21OO/96BqNNG9bkIOc5yZzTWP3qJyHJzWnN4z1bTX9BcLkBbWcI8jS87/AFWurJuZDNel9VLd6xKCEs7Oa8Pr7d7S35WZqx5j8lJzK6zuyHdPfJZHk3xmjab39Xqui2YiZGWdhrjWmU5kYrmW2a9d6Boyzphlhkby+zx+at4kX/S2OjodDGFqE8YmCZOE8/en4RRVq4dMY4jg+1ECKnz4qOdvsFiK/SD8UretCyAwO4ldC5bTc4OaDdgzMPCcnI1mzSXK5Wr056joJae4hft5lB7iGz+a5np+p96Lau5jet/TIeVO9d3VW5Eo37e0o7IbZK5XqOkdQHqOgH3Y/rjjn8fvXDqevGvRzdi0qY22oel1MNVbzFxI2lF2RoztXlsvNytSMdODFZYbbURqsUlsSwPoVqmDzRgq+nJTyZsA6e1WRR3ojHDVJ4q7oz/eqyDVyP3rGHNWGt5GrCh5a0OOeKGt8FTtVZGtc1mmoGaqUclax4c1o8VLTQSLzitRgrgP2opEdnOfiheoay3obXTA6r8zEInJnu1ZvVyRCerldv346HSi3biDh813JaSGk08PTrMv0JK6jnd7fvS/pej/APTNN/FXwnr759I/9B7vinbVqMI9Ocruryvdr0WzmeMakz6yW4gGMfZrWETFaRHcEqOAycVkS3LGMhn570K5CDLPSRz2KPCPWZMIVptEg2zirIlKNnKEJb9h70W1mKwnFJYyiVv2XHAnjvWo9QAZQ4Ht9q3GaxK3kyVhiGyZ+Gjp1OTInI7UKY5yi1pGOnLgwfeiRsucIB5KzEBz57U3AyAYKRKEWCLkrXRbkYlHD5O9H9pT9WKwxHb+1a9IE2Iy2EPmp7HTtMJRTdSte1LdNvvRYFyOM7gcPFAhc01vrzAMHGHGKkIMVFyHFPSs27mAGEnkHA0H2ZW3d2+TmosDisTZx81biTmTlfBiiSiJ2M7ZoUoShuonbFVKHKDv1b44rKBuVbc+rpd6qZkWJ87VqM1Ety2XD3oMoEc4k/ah3JsU253rZPqAxvVHopuaU1EsG4p8U2gGVwUG/KAYcOK6Wuclcm7OMn6aHCSTyA+SmJluQ7A90+9CYEXAOaxW4JhcMooPDWECXxRrVxcEgAMFVcjFlkMFYqwSxcB6RwNMsgjlaUs+1FZTUxximoDe3gPT5SuPf105X7vYjyc5rJmXfeix003eSRj5aJEsW1BlczyvFYbLlqUkefsUU0ymZJAO64oktQ4xCMY48FAuSlNCWX709K1/8vDBKcpvARNqr3BcW7QByu9V0xhHMjL4rMy5MxAcfG1LSQWV9hHZzLznAfilpXWcsykyflqy2metD4XLU6rUc7MvvtWLdakZYszEcj2TkpT1DRN86rqwuBteO72JHf7063ZSyWwA8FbtWpzj9aqm5zU3GvrzdrUNu77GpOmZsPZ+zTLjs5rqan0m1fFIg8guy/4pa16a+6Wm4WlMBPhfh/w1jrL8WclKm7TOu0V3Rv1yEeNkpYRNkrCWWJ5rMlx3q87Vld61ImqzttUq8bdqiFFVxUycNTO1B1Gpt2IZlIz2O7VktuRm2SexX4qVzH1O5KWI2si7HLRbOuu35+3p9NKc+wC10/y6SXfhydyFuPVccHloVixd9Tu9NtlDTDmU0wyPj+tdXQ+gYP4r166RiZY2SWP3/wBVep1N3WS9jTwLVgCMYxMOPvWuZJ6n1bzk9gTY3Img0L024m8j+tdHSaSGmtdMBB5U5rWi0dvTWsAEkzJxutMdUQw4a9PHMk1x661REibG1WG1ZZBuu1BuahVIcHfzW9YwWd4isTk71Ub0SKsuDelSEp8991e9VcSIxjg7NWVZyFfvxnNkRMBg+fvXmPX7RKJeE6oqY8ld+8MYKblee9Xlg6h3Fijx961zfa2eiHpvSamLLA9nGeK9fo7sZQ6QyII+cleR9PkF3CRxjl2r0ujuLGIgSADHg4q932zzPTr2rmPpkucYPmrlckSGK7eKEW8x6hzhzW45N2sa1kdGzeJnSuHGTPettsxvXMbkopjGznNdCxfJR3z8DzU1mxmVtybCVzLtm5o9XK/YFhJzKHZK7Ki1XRGY25A54zU652Lz1ea81rvTDU//AD/pQxux3nbP+x9vNKw1cW2t2Mrc4n1RR2ruXbF3Qan3tI4kdnckeGmtPD0z1guW71r+H1NyLBc4Y57nn81w7l+V3lleSfVLR/1XHei2vULEz6pdL4Sjeqf8Xv8Apre/iExGDOFyOWM8dvh+9cBMR7b9yrPz46npjrrqX/6ejikokooj3rQp9q81C7ch+mafA7Uc12oDHuKG25WL/wCPf5Wf9I74knBv5rEjDsVxLfqV+FwlnPkxzXb016GqsRuxMZ5M8PeuXf59cTVnUvxh43rON+aYYh2rDGsTpQsLUxmt43xVI5rWjMRzvWhc1A+KsHG9S0WOK1Fz23obIhCVyWemO6+KSlPV6+429JFjAf1Yw4+9a54vX/1D2NrPUy1/J0p7l9cAGQpn0r09szNZrf5uplvGLuRfmi+l+kw0pmB7l/D1TTJF7V2tPbLGUWU0+pTn4x4rts5mc/8A9akz6XgSJyuzktyXL5PGPFE6Y3JZAjJ7Ls/ntR5QtXBYYtrsjxn/ABQpWp23EzGOE4ftWVtDlGUHEopjzUATJs+KOTVxIJwfJufapOziJKDkd9jCVZEBjEHbJ5osUxhqgy5zhe9EjbWKII+K1GbWiJjbf5q/bjL4ocbdy3L9TKPho0ZRTw+GqYDK0D9T+SqlYkYTco8x5x+KzGXY7dqamF233Ym/cK3DAg7FEnKOMOzQliuDDVlSwbqIgDkrDHMsxUxQ3OcC/mtxluHFXUwWMpYwxPvUlHvF/DVqm21YkqKbVdTFfCP4rWYyOmex2SsRuEnHFVcioo4oqrhKzIYhI7jvSur1NmdpSMoJu5MZK23JQzGbkx37UC9CUorgMm3cxVSl7LbvSiwuhnfDs04W0Mqfca58NLEuEsGTvw0xKE4GYKnjNaZq79sm5yOHmhwtSJCo4qiUi5hyeaPnBnP71UMXtcTwxkAcg0C7qOu2mXc2eK5Nhd1z8FHZKYzx2rlO7X0evy55b6l5eXG1HjMhjfK0tCQTI9Luc0wsQ3DNdJXi7kl9NSkud/mrhOWGK79vmrsWfcSe5HO60zK5bie3Zti95px81L7ZDtW3JK7IhHOw8tdOGojbOm3EMcLutchjIl1qSc8u9MWJs1cKm2AziufU9N8mbjcvSWUnGditY+c1uFmeRnkHnNHI248GXy1ytbgMBcYN3vRGMIH1yB+N2rkqMYm72CsfwctlSJ3ZNZqoyhHeJl8tCnclIwL4xEo+dPAxKTcl4DB+9SWqImLcYwychvWa1C5YuS36UHutZbFmOG5Nc9omaubK45nKUvu1UYBsbfNZtWCQnbBLdoDuta9zBun2KH0ZN3P2Kph4qW1qCl0XALVyCZiQJ4TNDjCWdo5+WjQsykd/sGxUy0lwK5po3YlrrlGGf0v1RPsPH4rkar0S9GXVaVHO0Hb42a9CNu3nJ1Pg4qm4ydgieAqyYtuvHXNBqhxOU4748Z/esXNDejGJDVTF5JAh9ka9rklHEgkeEzS8tFppG9iCYxjGP7Vud2J48148t622J12547uc1uM76pK3uf8AiLmvUuh045jZifZar+HtDvbH7rS9b/Dx5cHWaS7CxalpbjcZgyGOGL3N+Sufb9D1epvdVyXSyd9sv9K9jAjBzCxbPuL/AHa2s12A+AAKc99cz0XjmuRovRLWkjElckLhkOCnC9Z0cWOktxhN5kBmT5WtzsyZ9UlXjLWXTssrv+Kklt21dknotKc78huSZeB7U1atwgZiA1RYIuTZq8OMHLtXo4kjh1bQruoYzwC48VIT6zO/5q/Za2W9gA28V01nA7kOrGV/eskQljHHaizljasn6VxVlTFTn0xUcvaliOVZKry0VxGDKTx5pO/qIliUoywuxj5rcPgF6Z1YZBl2M1531CTe1M4mOkkn5Nqe1F8Zsouwclc0zIlLOd92tSWGh2rPTdioIIpXa0l+S+7IzhdsclchkHejWLlyNwj1GH54q2Wnp6u1cjO0ttMHIPGe1M2mJEzjHFcPRXujqIo9QLvzjj+9dfTzjdtO2wYT5xWLsQS7YybKZdqqyyhd9ubkxmMg/pRraNuMVzjbDW4gOU3qC5X+kFzkqjWEZkpOTP5qXIEtsH+6E2BMG54aaZD11t3oZyImTDSN+zEllMJwjhrdqLbOlds8eK3egThuu3D4qXKsmJZ11z2vY1Samw7MZGUPA1ztZ/xnRawZ+lXG1NVbc3attqUJC5yOfho0YsklFYyO44rlZnuOsvrK8zqv+P8AqFibH+HlJFMweofnahPomvNBc1hbi2YPTLMgR+zvXsYXrmcSl1Jxlo38Rb1FmWm1EYxZIsb0Oo/HipP06n1P8+a+e39JqNPGEr+nuW4zj1QU2keRo/p2qlprmHLCWyLsPmvWa30Zu2yMbjKMF6Iwu5Ij2B4rnaj/AIzqyHXhYdnpP64rV/SdTKn+WX0kbpOIxRyZqOOdt6DD0rW2Y4HB8jXS0WkbFm5K77N6co9JCcZOPkTh+a814n8bnFJIBlQPNYlO3H9Uon5o1303U3pZhYLUMA4VD+tasf8AHLk3qudZl7uCrzxL9LyTnqrQoSFxsZ5oBLXaqZDT2m2L+qRjavTaT0nT6aISIxTO8YjJ+609HRWnDpOmeO0tp/6StySfImR5qz6RbIZuyuX5v6jKRz42/wA11tL6dG3EHEIn/WPf7tOs5WBPbBXMhMZ+WrjK3cN5MFexkat2rufGIQjCJGIAcVuJakAyYy8PFVO3ciKhKJt1R3KHs5yfvRPrctNcN4AnP0uc1ULkj+XMyHMUrUJygjCTGRwjRf4mc9tRbt3jymE+yUQJsW7kVtiSDOM0OF6Vv6U38NMMdLL9FydmXiW5+5VunlcAuRLm21yDl/JSVMCnbjdg3LThN2LQ7c2D0pkrUrU7CSM47fNXKMbn1R28lUX1xdh3qnpXLvjxVRgLVThg2aaCnGRyVmbF3Yg+aF1SipnJWZ3XGGrKliXpgb4wb5KCHXvFrRGUjdUe1EhYlEzE53qxlmCh9e9bnFI5jueDmooH1HT96hcxhiZCtIuFwkA/vWl2rHVCc1jt8VvOHYzQCUdxN6tn0mJP71d0iIxMd3FK3FVO1WAV24Suq7GfNUXAzHKxeM9qz0QBztmsRDOBU+e1VDNuySFfPZrZHoMrkOSsWlIsRQ5HxVTlLfLkrUQK8wHIJ5ofX1IDgqp3cS+oyd6v6WJ0xxVQETKRxn+1T20cKb91rnxfqyr5zmiwmF2LLKZ4XmuEfT7np2rLb6QlEX4rUrFtmSnnpOIm2WgW52oR6pKvaJ5rLLUX5hCDzsuwV0fP7+muowABHsFBPcuz6bRKTxsbUXTQt2/q1E2aO8Yu35o8rmokEdJAhDgIG+PlogM9IaeLLVXSJj9Md1/1W7HqMISjDS2y3HOGUt5J96n/AKZK0deu1ULUHd6nMn7FVDWaOxMjotOXZf8A+y72fgqWeljp2i7f3Iyx3k7FH6bdtSciUjkPNKW9RcmDOeV3wbB+CiCbvLXnsx1gs77HPthE843pW5NkbyV+WiS3KGQHlrntakBRDBxQ5qOw010Hbislham60XLkhxkrPu3GWAzl2O9NGmM5m4+A3rfQxMWLZl5km/70wLBdPquXS3Hvnd/BRLN6V5I6e1KYO85GAohpIRWepl7k8bQjwfdqXJXbkegC3A4hEwH3phrZft2hJy9yZ2iYP3rEtZcmhKJGPYDtWDTvdAod2UbQCsnwVcDEbw8W37riixwmclc4nOchYoOwUeObe9yRntHPFMTTtajjvSDqZDsj4KatFyQSuPSPA96shoko5MlYYeaITiuI74qMcC81cGAjxjBV/QuChzym1ZgI5WgY6BOP3rEohsHNUzkhhxiq6lasSsyiGTG9DwLlosjJih9KO/FanTNjDy1iTjOK3I8VhlGDmWX4CukqYzGDJy71i7ONuO6bc1iesjEWSEVQ3w58VwPUfUX64xuOYp1Bxjviukl1m2Q3rteD7ecCMpHnwVw9VrpXLJ0IDJR8djakNX6hO5ckxeRFecUq3bktlzt4rvzx/XG9j3L006erbhxtmsdQH9cULElM5okLF24vSChlF3xW8iy2q91XYWtwvLyoneqjo9RKxK+Qfbi4VcYrHt3Ox2zTIbXQ0mobV4FUTAn9q7Oh1/SxUx1Z4cmzt+9eUzODuIlMW9ZchKKSxgB8VLzvw8ntdPqy4yXGzjZroxl12mUUcB3rxGj9R/nXDOBwxxtuO9d/SeowIr1G7uPD4rlebK3LHYJucJREQi7b8NI6fXW5xmz26ZYMG+HvTtuUZRGKMXcSudliyxGXW5AJGznvW8gb8dyquRyko9+axlUznHcqbjUEbMbkDHJuJVxsko4EjI/rVQixdnA1uSqOxI7nD96zVwOVgUkxRNs+aJGBK30yCXfPcosbmY8D2RrDIg5P2qKqWngucMUNkq/bJxYzlKPiQv8AWrL4JkGLsncrawR6UTueKmRNpW/p7ttxNUeEcj/qhxgh3roFwIsZbx8PFZbMZHVb37p3Kz4xrypSJdhvGSncCmLepenCZPFUOHIYa0W4y3AjL4NmkmJutMI3IrGsxj0hzk7961E6Nww/3q+sltID5qi/eJR6b0SYmMvJ9mhy0nV9WnkSHmLsn+6uUPpyblYjdYOR47VKaHGVy1LEZMZD/wDeSi+5avGL0Omafrhtv5Tiimp0196NQEXOCWd1+/8AuqvaO5bi3Lf82AZyc/t3pmqBcsTiLF9yHaRvj7nasRUDfNXbvMXMVHhDZohctXJYuwYPaUOPyf6qWeyWMZHkw1W8HMVi+RxW522ISMSg7EjcPv4oc7rbcu49+aYoxq7zAjMjdj4kb/uVqVrT3jqssrT4dw+/elJXzGY438GCsR1M4SzEB+eGrGablprsbXVBLgc9Ln8+aSlclGWJZPvtTEZyuRblj+XdOYjs/JWZau5NI6jT272NmT9Mj8lXE0szkuRrR9XNMxsaa6fyLsoyf+lwP7lXLTXLRmUMx7Si5KsiWs24sQz+KYJ7fVQ7c4phd/kq9nZqxlbKDnII+aBO3EcwcfFEQz/qsOR5rSB9A74xI71uIhgT81oHG5+axNtuc5HtigFOZFCWTPGCsTgycx3+K3M2MucO1DlJibKUgFm3l6wU81RCK5jtQroyc9VbtCALlqxBIRSWf6Vu5Cco/SDj55qoCjkxnzWw6d84xV0ISixkkomR4ahqcTIyt7LhTtRtQdKLvlpacyMxTAcVqVmk4WYzidIuTIlG02inJLl1LUI79Uts/asmvt6cIaO1lDHuT3fwVUbmr9Rn024yueQ4/wBFcZH0+vZz3tKTzGbcY7imBpizPVal6bNuVwdkiYClo6fRaSYau6X7wf8A0be5nwtHddfnEtW+nT2DZhbMbfLy1uV4u57Omm02ijnVylKbuW7aKPhe1aPUr922x09qOntuxj9QfLXPjK2GIylKVWM0+lY9801zXftxlPrmynN8uxVW7Bbg3ZIdway6iBzJQ5fNLN69fllUjnYzsVLQ3Z1nTcARy4y117N0lDKiviuDa00pTJLgHjFdfTIyLcXKA4N9q59T06cm1ybVAztvW/bImVx8VlXiJg+K89jrFAR/U/jvWo3JJiEX9qlu0yyz2M7LWurpj0wAO7jdoqdOMe44+Cr9zBiJgrC913rEhTBT2LlOJylZlcjAWSHxVMU38UKVtlLLu/NPYHd1MpOI/Sf1rNmxKb7lxxAeXbNHLEIDK45TciUOUbl96QMHETtW5GbQ7t6IYtGO2e9VY093USyCGM9SbU9b0VrTxJ6lV5I8tYu6iU8RtnRAMETlrWQ1IlnS46X3Lpvl4K1bjd1M2UlDz2qrWnIHuahwZyR81q5f6jptnTE4xtRkfMbUemCOeXzUJstqDAXnY7tbJH/WpYsraZquneqFXLVqFTF1E7FVgzUXfZrKolWC9iqk5rMphQpzyVf6VVyWM4SuVrNXOPV0qGHc/wAU9dVjnNcvUjLbH9K2y4nqGpuQ0nSuQuZF5aSt6uFxS5gnnOXfJRPXHpuwgiCZxXOjb63OcOdq9fHM8drj1to2osWoxjOCS6lyZ4rMIGymM0e1orksyD6fJTMNJI2TjerevROSkLJJwjRS3K3ubZMZOabjpbg5jHHzVTjchtKJ4M1nyrpJC9y9KVmFlVhHYF7eKqMIsdo4zRuiLLKYT4ogxjHaI5424q+VMIysMhUc0CWmwZros85MG9YnBTYzSdWJeZXNjblGec4xRYTuEG2yenI/s5rc4pLKY348UC7KUZbG1b3XKzHc9M1MpzvrJchgXb5rq6DXSjCNuWCMXCr5ryWn1Erdi5LqTcDHmt/xt2dtgyQkiucblZvFpOn0G1fJDERTdM0aykle9eS9H13uS6upcBHfvjOf716PT3jpZDjO2K49TLjpKeUXepgduzQIXOpR8VskhvviudbgrFhL4q+kmY4e1QuEoYd04z3qEgxj/wDFFD6EljGEqEGM+qO2eaOJM+SpBOrL/WlgxumH9quOYuRTHCVtg5zE/FVkTxUwEYxuOTEXv4axcG24kJnisM+h4yNFjdjOJGZ1wxud4/J5omh+8SEHJx9qFelKEerGYjunb71jV6eVobtvDZdyceD7+KDC5dg5jLO2EdxPmiKl6g255jF+45P2osdTpNZiM5S013gmH0vjJWHS278GWnGNw3lbXOfk+Pil+gi4TjkaYrWq0eo0xm+EovFyLmKfeq0ms1Okc2LmY5ywdx+3imNNqr9h6YpK27Nue8U/xRo6LT6sZaRLN1fqtSdn7NIgnuaT1OP1ZsahNn5+ezSt/T6rSS/mR6rZxcjuH38NDuae5ZmxnFjI7JTFjX3dMELo3bbsi5Q/PP2apuMWb8ouYyxnZw7Pwncpn27GoNz2ZvcMxfx2qXdBZ1kG96fdIT5babP+v7UkT1GmkWr0UmeTb8eamGj39JK1I6gw8SNx/ND9kTDjJwNMafWEcm2HmKZGjtuzfAtyYyP+rw/ZpJF1z4QYSUU8BxR5SjdBmJPY6zl+5UnCVuWJRRzjetxxjOAaqK9uMXbce9atTuWZDFenudqvtkxVKZQqs6JO5CcfrgOe8TCVUbUJ7WrgPaM9ml5yYyEa2LIGXNUauRnbcTgj9tn80PqEzxRYX7tsQn1RzvGRk/rV9elvbXINlN8xcmfkoB9QmFDNCu2oyOqEvqO3ZpiWinKHuW5RuwOJRdz7lK3RsiooGVKIFMSWX8lKX5Yk9Kp4aZdSckR+9AcykscCuw1Ri2Mjff8AFFLLEHczw1qGR+oD5KPFMYyPxQwMyGEfvVCCZ2ojhNnD80KefHFBm97csbpIzj5rnz9xkkwY522pm+yDONs4z4pa5elFwHUPPxWv4xV2vTdLpIt31O4ssZ9mD9X58UHUeqzu2P4exE01jhjDlPl5pFlKcpSlJV5VytSHSS+vYOds1ylfUsMWLcc9RlXfK810tEQnGWfqRxjsVzPfLj7cYkROR3findGtlBJbuXHetSvL+kOJGBjB8BQ7lxns7R45otwyZeHfLS8iM3G4FHAO7bJp0OAO/mpYsyjlkuM5pjT6SU3IgDurgD5rVzUWtO9Omi3ro/rT6Y/bzUFxhclaJXM2bPeT+p+x3o2i1OnsfRpbXtkt2UnMn7+KUZXb0hnJuTfP9in9H6eWX3tSh1GwOcfjzUvxZ6dC2SuGXvR0hDCAyO7uUq6mI9MFDgPNEjMlXCx2li5SlKWV2qlxWzCVGOay0GNR+NqIxx2rJH4qDPSph2qAR43fNXJdgM0YtkIkrjvzjzViAxsSuyVcR7tblOFg6bIMjmTvV3L0pmDEYnYoJBk4P3rXlExibK5c3+pXiiFuNjC4lPHBuFaWNuOIYZd2sIu67/NJTGJk7kszftWowAy4MVqJgzVJnn9qsqYpc7HHipHHAbtQjl2rYET5aC84MVVQM7taTNFY4FoM7jnYo0jasdGUeKGhSVMvNYkOKOwzVe3mrPpSszMc0vO3k3MeK6EoGExmhtsTgrU9s15X1j0y7f1cZW49Qm74a1pPRIwBuuJBl8V6f2Q3QocrEZSEFxvhrvOrJjGTXKt6GMI9MBYmVz3on8FFMG/fLXVjaGKYD7VcrcYmDdqyq5UNKYIkQDfL3od3SQnd6ph0RHBjda65Z6tvO1YbIuEMFVNcGPp6yWUUFyHxQ5aNHBHG/HxXoJ2jt9qx7Ayipw5qmuM6KMZRZW9k5obpYskB6fiu7OyMohlOcJxWJaUjLYwPalTXDnoRgKZB3ycUld9KJKwUzuj2r05YxFGORoX8MRk4Mj57VJaX28fqtHcsWiMhTOVN6TlCUQDO9e6lp4zixnCLF2clJ3vR7MpjCAYPFdJ3Z9Z8Y4nolic7yKkSK8fNersqRwZ2ApfTaKGnEiYzz96et29uOCufV2rGoSeXmiwuJLG+5msxh8YrXRh3rnWoNCQyBq55ij2Xf4ocTCJRn64Zz96y0sn0o5/96KzLgkTF2JlD/seSlkydLW4KI5SRw+KFEt3kcjv80SYXY9dsxI3lHz8lBuwGJdhsP6o+H/VVakxciicURZIl8Pcax1Shc6gROKPOMdRvAI3Q3OCX2+aESMpLAm2/aqyPZvsh9sir+qDuSP8AdCu6ckSu6eKA/VbT6ov28VlOlzFxnhKPbnK4jC50Xo7khwS+GmBLq3yZE4TZKMsdT+rEb2P1cEvv8/NFYWtRJjOJZ1PKcRm/4aBK30TYzGEx4dqljQbbxJjIYo4Rq23jDFRPnFMxS4EbziRsT8/DWZ2mMsIlBdvVSnDo1cPegYB4lH7NbloyUG5ppF2AZYn6j7lBwxdzbs1uJKEiduTGQ5EaGAEW3dJxWOPCiU5HU279v29ZbJBxINz/AFRCdvUnTfiQuLtOJs/coN2xKypKJ0vEjcfs1WQ7/p8rR7th92Dzjk+9BhLDkXJTVm7csyzbds5R3GjTs2NY9VsLV3vHtL5qYrFu+XYdN0yhsnJ/uqbREZGJRXk/z4oEo3LFzpuxYyP6/aiQuMZMoO6bjwnzVRTHCpLBQpTCWHnzR0jeFsuJnMV5+1L9JJ+ox9+1BtCRnZqgwbVqEXGDOCpKCGT9qC4om4Vi/bimYSBzuPFZlNHis9Sm5VGLc52ZdduTFPDTH/qEJxDVWOp4ZR2fv4aUkY2xzQmYOBM+GgPLRWNVGVzSXC4c4i4lF+T/AFScbVyDjCo4fJ96nVEvCMraP6oOE+1Ox1PufTqRujsXAIzPv2fzVSgDFQRGoQiOY5+d6YnpEGdmReibqGGJ8lBxnc2oJF3w4fvUlH6c74rMhzvVe4xe6PJQrAjcIzBjk5pLUEYaicR/7OPtTcpHUuKHcnZnMjLC85fNa/jFcEu77H7Vmc2RxUjgF71XNcsfUtrVkW7FiGTcy12tNCUSDNF2UPmuZbtxQlx3xXT0VrUXsMTEDZk8BWnn/X4Zu3FCJBVcAb5rRatWhlqNpdrY4X7vatz1EbMOnT4lPG9xNx+DtScLcpTzlc7qvLUteZervTmYlIIdoGx/70O1O5cl7Vi1Gclwc7UaGjuXJPVIjA5kuwVLl+VmLY9Pt9MUSVyXMv8ARUIbjKxoQJdN2+7oOYxfGfNZjqbl65m5JkcZ8UgQjjF2TFXfG+abtXbBAtwiqcL3pVOxIkhWj25G72pa1ETMmjFyEDJjZ2K59Nym4ccVtaBYmzBTFHjFXGSuV9V0l2J2Ksj1bcfNEYAbtYnLLg2DxUtwiYjDeOGR5oMhfKvzRMZd6vAdqkuqFGCuHarnLBiOx3+a1JA2oMnLgqiBmt4ImZftVH0mUy1mWVy71qVKuUzPxWWYcb1GKuK1C2R3fxVgsQM92pnNTCu1X04qog74K1isglXu0MTGajHNaADerAaGB48VTFzxRWOKmKGAsRqMNuKN01XTmtys2AMPiqLeXbaj9JU6cG1alTAenBgPzQ/bx8ueaZYhVYqzowv04cnNUxexR2OXaqY4rcqYWLbnLVsDGKMjnFV0ZlgrWpgHQbbVc44HbNHIf0ajBTcMU1MLRgphq2yBhMZo7EOCiRiSNzcpKYRbB447VZbMG1OSt75xkrPs4c4alphVtgrgX7VZAOCmm38YqujDxQCjbyblW2U+aKRKJ055rOqVLeGt244cZ2aNKHzVBhNqlqhyhhw1CNGnEQe9V05MYw+agzBB3MnCeazctEZZhli7jW8J2rUETpk4Hhxw0C6oimE7lFlGOrj2jeOM7Ezw/NSVvCj27VCIO1VkDplFYuTDuPZqdOzkfjHJTr06gCWC8cP/AJfD80OUcSwmE5PFBkC/bLd5esMRnjd+GtM5GLeri3IGxIPqj8j3Piq6TxWtrkOiUumX/WT/AGaKHctNuJIkTtS4nHc+z4a1buRmdE8v/inb4+1Ytzuaa4xQM7Si7xkfatysxnD3dNlAWUHmP28lSxVOM9KYTs1QhtiqH3QjxI4fJ4qso79mgJkeHNbtXrlvYSUHZi7jQ4h32qCjikLBZ2I3RuaZwnNp5PtQESWESR+ErYojFRo0btu/9N/BLgmG+fmhgUdZLp9rVxbltdk/Ufmquacge5Zn7lvunJ8J2rd2xKD9QI8SNxrNqMrU+q2p2TkT5KqF52szJRWKdyjQS6YuuJcE8f3KNKEL8v5Z0XO8ez9qBdJWnE4o84xRMScbll3jk8nD81qN2Kcfihx1kcELscwdsnJ81L1uIe5bcxeE4aAV7plPIYHtWMxjiMnGeHxUkojj70rqpYMIOeKoJqJsRi7D3KQlJVOTNa95QFUOzUjBmrAHG+M70okZR4XD5ovUnDsUvIRxKPS1onI2Iiec0DNu5KE/ctzYSO8XFOQvWtTFNRi3e7XImz//AJH+SuXbuA4RKaJWwOmQqb1UMX7ErBmaSg8Ti5i/ml22SfokNM6a/ctjExKEuYSMxfxRruljfi3dGEJnNlf6nn7UK49+EoycbxN8lLXIlxixd/vXQuRcMZmEyI7P7VzJSI3GIO3crUYrh9UoyDOR80WMkkYM52xUhprt+7GNqLKS4wU/CWn9PPp6dRqe67xg/HlrNx9K3GoWfZh7utl0RxmMB+qX+j5pi1rL2oiQCNq1H9MIn93u1yL1y5fnK5ckym8rXQ9KLty4W4RVe/b71HHv3HQtRkmAzmnLViNu17uqQDciOVrULUNMPUxuXnkHaLSt/PVmSq878Vl50v6svR6MFu2OSIcfehe5bjH6VX7VmUOozhw+KzDTnWvUgvDvigsGblDnvTGmtQikpYXk3oRbOBXttReiNoFudOOR5qBwlFXK79quMSch6c4eUrOlS+xLduWO8kwFOSu6fTW12uSOxwtZrUbtRYRWSEec+ftTEJRhHOEz3eaQt3JyDUamKC5hBcZ/Hit+7Ob1IZ7HiudkalOM2Tnepig2ppHM0MtHMYFrnZXSVWKqSqhRKrA1AFi58tTpxvjfzRsFUmaaoTF5rKYoqdis9OWrKljMY5cvarVWrltxVVuVEx3qzeoFa4OSqmKSpxxVZKmaoutRMFYzWhwVIreM1MbbVRLzViJVRMeajEq8lTNNVnpqkzW6mNqvkmQKRjisg5ozHNYxVnRjCYKmMhW8VMbb10lZwNjmoRSt43q8U1MY6aiGOK1ioFNMDYZq4mNq2G9VjemkjQHFX0dqqK5omM1NpgfRg3Krp8UbGSs4q+RgXTmrxRMHepjxWbTGOnbeq6a27VNqaYxjJhqdODarcPFZk9JmrpiY81EArLPPFZWQ7uTxViNyOqOz9QfuUrO9KOyZ+3NMRzkTbequ2IyOuOTyeGqyU95lvj96a0181IWrj03Q+mTxL4fmh+yYwmN+axcs9JkR+1Aw5ipIRHcavbG9Zs3HURLc3F0Ppk/9jw/PhrHuAoiI4RoGMRvQ6Z/qP0v+6CRnZukorGR3KhPJkcUeNyN6JGSdYYHz8UNTpjqFYhC8bobEvt80GcV5EuGyPerdnwj3ohfFI3u+xPG59/JUxqBwOoqMUc80S5bbTnADwjkftWWXfmgwLnFawfFYkg5KqN4ziVAeN+Vsw/VHvF3GtEC4e5pXON5W3k+3mgN2J2ydyhyelLtlSXgd6I1KcZSxJYy4HjDR4XmUfZ1WJRchMcp96HG7DVBG9i3d4Jhs/f5+aFO3cszY3DD2eRPvVKzqdHO3mUEnE325/ag2LzZVPqhL9UHh+3hpqGpjH6J9QcZOSqvWrUzJKMJS4kH0y+/hoA37Z0N3TyUd8Z4fD80hdv25x6LsZC9/FMErmju9NyH0T2R3jI+H/ND1emAbtp6rbsjuxfD/ALqs0jKPSrByds1LVxiigJwlE6AjjG1LyJRk4aKancJgSOO9ZiGclChMUHD96ZjCMo5ig0FCY3BK1AGWQxWElE4/rWoTEP7UQ5ZRQlkKM5D6X8lKksmNxrWZRDK71ZSmZzsauHTqkjM4vR5P/wDLyVx/UNDPS3RemUZbkhyPyUxey7HfmgWtZO0Nq9AvadcNtcI+R7NajNci7rCMGxpD27bsz4lL89ilowU+ndd2sOMZzTOksEv5+puFrThlXmWOxWMfQuNaHRXdVcQxG2fqm8B/uuj7tnR22xo8/UfVdXMpfB4K5Wo9Tlcxa08fZsHER3fle7WLFyTMZKhxSyudj0WmwwiyVcbq1u7G2ikzL2WltDMmRjcERwBtn5ptt22WAx81i157PYEbkYmEcVU5bZM4eM0xehbgCMTO2HzQ7duVxZTSNuPMlwFZ0wsty5It25MZLyc01b9O09hLmuvTyuSGcr8fFR1ensDHQQWbzdkZ/YaX09i7cvN3USll3yu61fQ6s5soRjbSzZD9Edh+7TFjTxPrkGDcin9Wg24dFmLI6pIdMV/q0ad+S4kC43eAqX2sYnKU7rKTlHAHAVWU3/pQ7syTmM1DkKlqXNySkImXbK/FZqwaCQzduKh+k8tahqup+pRf2pWV+V+a+2xtn6c8p9qkpkdnBWbNa11ITyYc5aLSNm4gK88Z5puMxBUz8VzsxuX02lVUJChkqVFViqTatVMVJ6GceaxI32oiVhK3KzVZxWWWXarRxWcYrQvO1TNZqZqwaGrGsmMb1KoJmoSxQ84asaJo2dtqgrQxwVsayrQ1eaqpRV1SZqVaZpKlZxUTarqVrajGKvFaxUxV0xkKmNq0G1XinkYwlUm1bxUxV8kxkKscVMBVVNpgglXslBzhq4zw4qymLls1XUYqS3M0NzTRrrOHiqXxWHaoOKo2O+Gr2RHhoRLer6ntViVbDH+6gVlm4xWPcRwVUG2q4y6ZcZHZPNCJi4ea2HfNWXUsanDC43HihygPajQduldnj4aqQYxwjVZKsMS4xhyYorA1McO14MD2kfPzW5R2zVRDkyYoFWMjZyJsjVdLndT7O9PTI3zDtdDnyUBhjIm5VFg6i30ScX4mYp/3P90EmjhM42SigZE2RyJyNVq7Lej79na5E+qP/l84qWNSpYvsBtyGdp5iu58nhrV6ErcSQ9VuX6ZB/R8NLWZEwExKmbd5t5tSwks4E2fhqAMsu7WJKClMThGUWVjKR2nB3Yv+T5oK9k2d6CoyJRcZ+1UXCLh/FV0g5j37FUhLbZfFARiSRHD/AHo8L+IFu6dUPDyfI0irEyrtVe8phfzViUzq7DA9219ds7hufekDW+3LpkE7UnEoP9x7NGhqLtm4XLU+NkdxPCVWo0drWkp6cIXUzKyvPzF/xWozrE7lywEoyL+mucEzIPh8J8USzb39zSSFT6rE3LI7g96RsXL2lWKddtcTtSN3/TRblkhAu6eTOyuzuSg+GgLetRjH3IRkQeYy5i+GgdFuZuH45pi3rblsC/bL1pMI7OPvWpaLrg39JMuWl/T/ANo/CUCFyxAlspn81IQYoxm87nZpsso4ls+Gh3LB1KmfkqYqk644dvkoUrVwcDkokYSERyeO9GjtzVxNDjelGQTt57ZKbj0zjtQWC7i4e1bhPp5EoMXbaBIllzhK5mtNki4e9dW7KMovS7nI1ytbF6shzWozXP0+ntWol/WOB3hA5k/bxWdVO5rJdUohGO0YmxE8BSV69cv3fcuSVeHweCrjekxDCds1mx9DJW5WGCODc7U3oiVuRJjFiO+d8Uiyk4TimtDqJWJ5kZzsb1LuMV3rNqFxjK3LLHdw4CmGMhwFLaGcrp9MQi8rtin53CEOmMcy4XPH2rk42MTNPZB1ES5NNon+fFAv3i+YYxI9o9iquStC3Jxep5aBAOrMoLHnBmpKg0emEfpDONsHFGtrahG/fMyf0Qxuvl+KlqNssuonBIx4iuFfFJdV/Ua33bzJBwBwfAU1HViyINy7knLcPBQ8ykYHK0OBO5PEl28lOW7YAAZ80oHZ07JxJx5fFVeuB/LtiQjt93zTM4dEOkRZc5aAxiGDkrNrUgWUMpjapaiTn1SwkTLWpJkiC54ArNyZbPagAHL5az8Gi+yuMomxxntWv4lN1DtSk5yjghgzz3rdiDJGaZzxWfrToaW63pZM4jyvenRE2rnxuFqKZAO73q46xeDZ4qWLK6W1VQLd46RltmiFwdypY1q8b1TVykBzzQ2R2asRJNYq1MbtYlMDPFbkS1a4rPUUOVxWhSuA7u1akZtH6/mqbhEO+eCkbmpAQTL3xQ/ecCO7zmtTlnydIuZcH5zWyZ5K5f8AF2x6Ry4yvat2tQSUi4V3aWErpksuCtijStu9btWpTnJxHZXlfismqUIzcSn9WP8AxHjPzWbGpTxLbNaJDS879qxY9y5MIBvJ7tJS9RtyR6sC5DO/wVPGr5R1xHioSJRycZxXE1HqZasyISzKSRMueaa0+sLdoJJ9IRXPek5p5R0c71M70va1BNOMucUbqM471T01UyFTOapN6lovO2amSqw1MYqK1mqzttVYamKuiO9Vlq8YqYGkqYylZoiGMVlGmiZyYaylXjFSkpjKbVlKJispvWp1DGMZq8OK3jBUiVqVmh9Lnesyg5yftR2I1THbarKhdgpk2aJakjhrbHBtWUByURvIvNbwy2OSg5wZOKheBybY71qUwRRrKIbVU5Ce5F+54qvcE5qshzWMhFHkx2oxI1EMmC4G4dzzQrmJRydqFHqJEoPTI3GqNymwlhKJC8G8TCd6q4Oose5EC4bSidvk+KWHpcO2aAmqsRwX7JiK5lE/6v8AqqlLrBdqLZvdGYyCUHZHufFCv2/almLm3J+l/wAPzUw0SC564qXAxk7nzVyiX45gEbhzE4fk/wBUK3PDkaLNxD3YP0nIcxappOVxg7iI96zOdu4LF6bnnim5zsal6brGF12JvEvv4+9cu/Cdq827h0yN/hPJ8UkBPeUYy2e+aDNc84qEkkKKUfEZwMYfmr6TQITYu4JTFuUZpjbG4myUBixnhFHhq5W5RSUF23wUgc1FuGtOm7Ihe4jeDZfEj/NKQ9/0++wvRzx1w5JHx/hrROUo5i4aPb1Nu5D+H1sVOIz7xe34pQO6RIkrZ1WZ8EuR8NZsErMydiSGfqiuyUW5CWjliQXbFzbqOJH+Eoc4+2koSzCRmMv8PzQNT+uRK6tyDxIMSPh80K7CVsZWwuwOccn3K1aUi4l1Qlsh/wDfNVcsXbd3qjIlbTJIcI+H5oM2/buGcdL+2GrvwCGDZ8lFJkv/AKkRx34aIWY3LUmLlBMFBzpX5W4nSxkHnmtQvMzIHwPJVXbEbcsbmez2rMrc4HVHc+DirIgepu+yZkJl3e1LXps8MQTGclbvXm5CULwEXbigQzFwIn961IzXE6CJ96pANuKq7digD25ocCUphHMl2AM1mbnt9G+h8hHqwp4pzTWAI3r+IWgyCZX8UO3C3prebiTudoDtH5aFcu3Lr9S/vtWfrFdiPqJORCHTCImA7vz5rrWHrgM0ZJlwYrzXptu0Xs3lfAb4r0sPatwMLHx1O7WOpHLqZWrkIMcyiOPjmh2mNy5hOmETLLj8VdybMI28SXbBvipqEhE08WLjeT5awyzekX54EIR2ifFLXJyJkbSGHHGau5bYxwKMjDisk22JCOZYwUD1ucoxOpzLu03YJEfcuYM8BSmlS4RjN3eQp1epz2NgqUgc85VefNKSXqVVPBTsoiblCYdUiMIr5fFYt1rGLS9LJxHOwLzQpxiqyRfmmZ2cyGQGDAUO5AzgApSQvkJZNqITIW2QZk7BQrkQd1y8YqEgwIgd3vWdxULcr88zZY+9GkRgdMcfScZrHvS6V3MGAOazbTH1G/LTYGbM+mLcm4Azu1v+NiRzFXwd6TuLPZfpOAqunADsDUtU7b1MpqyQHx2o8bh05WuRKay6YuN9wpizKXSEs4xud6S6H+vqM4Sg3Jq1PcyYAxQlF5rcZqpTx33pW7dlJxHjv81rV3rViOb1yMMi7u7j4ri6j12MVjpLf/8A3M/sV255tcuupD199s6puB7rSF31G1bihcZZ2wclcbVa7UalS5ck5XJxmlyKyzOWA33Oa78/l/1xv6u5b17KQKGdg/3R4eoShL6N9+e/4rzl69KTmJ0xHId6Z0uula+uZGabEcY7crVv5ejn9fb0M9XKUoFxHccZwH3otrWM5ylJcDmUnv8AFcSxrY35/VCRKTlQzjxTuovWNPEtyuxhIwsXlz3a53i67+cz6Pq9Zc1t1ZKWhxGI4MHDWOpg5zlDY/tQISi4YTjLPANCuX7dpFmylJ4HkKk5LZn0xK6WpRu3UU3x5e1EjrJNqIyVlIlLGypwVzZauNxjGdsWcsDnCFEvkk6rNyMnYwcjWrxjn567+i1dxvMoyyRC2Cd+Vpt9RiSmjnpQU7q7Feds6x0egnczlz0xPK8tL6DVy/hLlxlsXB37of8A4rPhfqzvHs7XqEVVkbcncpy1qYXIdWTGcV4SxrvYs3JTVuyRMvA96b0HqcnR4bi/WRR5yb7fG9Y6/Otzt7UkJs1eCuBa9YIuJ4c4DfH5ps9Wj0ElA8DnNcvGus6jqm9VjFKWdbbu3C3GYyTqxnfFMFwTIj8lSyxdjdTFUImaolvjaguoFRQTcqusDbeh6X05qsVUbgoPet5FxnjmiyzGcFRNuK1kqbUSsY3qsb0TG61MZrUqWMlaQTas48FQybNalZsTFZYjWlKwzicpzj7VqIzKLEyGTuUvMMkoOR5O5TeaW1CWZE8LFcOO1WJaXhfbVx6glF2R8VqS2LwbtuZmL8ULUgwbkV6fjhoNm/C5bbE5AScxX/rLw/DW5NZtOsxOqCI7bVXXhOMVzfflZmxOBxIfNV/EJLZ2XczWsZ114TYy6rbvjc8/FVegITg5hLheR8Nc0voiSRNzemtNqbcvouSAls5cb9kpiaw3W3JHfFNabUxYtq5htz5k7sXs0jqzouMZbSNzwnmlo3W3PKCPI96uGulfjKxOUZbMXjzQDVtqfUHVBMSj5P8AZRPdNXpmEJdV61HqjnmUTmL8naubO91Y2fuf2ai6avyIyzFZW5bxknJ4+9bt6iLbLOqGdo/TI/VD5HufFJ27wRlamLbk5A/6vkqsyg9MnP8An5qGm71ptYxInCRmMzhP8PxQeqUXZx8UTTTuW89CSjL9UJbxl/p+aLPSRnBuaZk43lak5Y/Z7lF0O1cJ/S7NEkMdwfuUuRV+lxI89qKyudOJZXyUFsovIHyUKa7i5oUpS6tnHxVdacn5qWhvTaxsntyiXbctpQlx9zw05HT2IW2UGVzTXOTG8H/DXJZZ4w/3olrV39LMlbSQmJRdyR4SmhqVuViXTBWLub9qNavZOmQ9Lzjn7lbtsNZYJacTG7BcsXx8j2oUFjJJAmf2+KoLO3g2cjuPkrEVjFM4/PFHtyjKLExheHkoV+wdWTI4yNVGC+sem9EnH5Nz7NClbJmdNd6H/wAJ8P5rMh79qDOQfr3PikANZbvQGVy2gcobfjzS8QkCUS5qdRYUhJuWl/TPcx/ipZnprstydibvk+qOf7laZed02llfJSTptxN5OxTEblqxDo0/Lszdl+3ig3dRK+b4jbP0wjsFLk+ly+aZa+haZySXffhahFTZoHWMsnej5iRFcVmzGR9NKVueYxy9nxXb01+Wpji6DKLhfNcXS3LSJ7qONnFdf0m1avXZfzVhHEpOP6Vz6c+vrpQDT2WUdpzdvgoNmyxlKV6WVdqbnO2fXPAY+kaT1Go6zEDC8L2rnWKl96nEHfPbeswsucyN/mpbgRiCLNd2mrMJTudMnIcue1RGrUSzazzKX9CjQn9P1OKBdlmeY7xNjHiiW7bMGWx4qW+lk9iE+ozkDy0SEgjk3zw0OVsMZM+CrRyEdgrm6NMe8pL96FdMohl7tbdvmg3b0kxAyuylS0kAuSIu4fG1Zj9ZnGMeaIWOreclXxVyOkwFZtXAZLHtn57VQ/Tg3ku9ZvSeM8cFYjdljbH3pqYctRHvgOWh3pEXHK8FValIjzu7uaph1SyuWmgduHTPLuvmmTPTzu1gjERk7FZbrJcAHakUeGQ6Tl5pT1XXGkh7dkJXpbZeI/NMEnYF3ea85rfdlqbhcjMkSRU/au/4ydX24fr1ZPRH1bUtuNtmtychRX+9cn+KuLuh5Qrvaj0i/wCo6eErQs7cV6R3TnY7tcG7o79uSNuTjlB2+9fT48ceO22+2jVkX9OXOVajqCb9RilmMhwxT7lQHHFbyM0z1W03kfYoluEbk+mMgeyu1KEF3OKKQbcRF6nuHBUsiO5HUaT03Shp5R1F6RmUkQi9sVxZ3JXLjcuSZTXdXLWCzcQMSw77jvVFmXYX8VPGGjl+cXIdPYR3q5XFkYV6TBvQixcxxLP2qvZlFzLJ9ymQ2jNyXXGQ7xNvimdNfYuY85zKS/sUgxll5PuVWZxyLu+KnjKs6sdm7ft62BZbkbTHLFTA/D4pCU7mk0vtsUyuB4fmlC4x2kO3DR7uvndsliYNs4yCn55qTixryC9+XTuqu7lpqxqmzoADMpXcivwUisc75T4rUFlIjbiuHbO9bsmE6rsT1THUdS7AbZzvisz9QuT3JJETB3pRtSVlKTlcpTWh0bfuxndjIsRTrkHFcLOZG/K0/wCmeotrVSirKUgM53D716HQ+oSlKFplhk5QM7eK8pflZfU5XNJFLRiMTGFe7RtRrLmjJRtL7106RH9B3/LXLriW+nbm2T29lq/UbUIxIXAVxn58Vr0/Ul6F2TIwT6eeK8S6iRDT2iSzknO/Hemrvqbo9KWLc8vUzlLHL2P3a5/5tedemva8jd1N1kluzbAxwr/mufY9aJy1cupIwIkQe7nNec1PqNw9MjbJPuTmTntwdv3pA1VyMbk4JFkmf652rpPx9Jf0e+03qBP1K1ZJYGEpLzkON6bjqejUamU5BAjFH5dq8XodZKFpvZeu1aA+y12ruoJehw1RKLO4gudxM5rF49k/R2XXxhqCE13APu0Z1cC7aGRicuj4zXhdR6tcvMJRksi9FVecGKZ0nrdu5qLpcyR6iR1OwmTZp/jc1f8AR7mxfhcjIJHVCTGR4StiLg7V5LQ+qSjrZ3MAXRjIzkybjn5p49WIQhdnLEVEkuy94tZvFjU7ld+UgxxvuVidyMTqU5x+a5r6hagsLlwM4lakbjFNj96Rl6tEvz0049Jd3jJeJY/+/wB6njS9R2ruot2wbkiMVAXy8VztZr3SXum4DalIivOM7jn8Vy9RrP4v0+cJyjGeGLFcMU4SkbnqReIWb8sEokc/PI/0rrzxb9Y67mPU6XX2r3VaJBdjuC8nkoU9bGUp2r0gQTJxnxXipay7G+KpctOyO+TzXQ1HqMNVCN16YzQjMHGHzjxXT/Nz/wBHSlrWxebF8+iW59uyUvrJytpcs5lHHZ7f7rk3tSz/AJer6sG8Zxc4xxj4oUr9yxI6rg25mYucjW+eGb271zVwv6X+KgkpRxG8Bj7P+PxWScZHVbclcjT663YudUvqtyGNwj3i87f1otjTX7GsnGwt20x6o9LllF3EPtWvBnzdeMyUc5c96xdvEY5XCUhb1Ny3NUWK8OyfDRrqTi4c53KzeWp1K6umv/xlr+HXN2GZW3/yMbxz/Upe7i7BBxLjDtXK0+ouW7hhYyi7SO1dW/fjdtQ1WCJPEbmNiMsc48PNZsahazqLml1UZLKM4oj22p7VwL8DXaYCE3F22f8ASXk+Gk7sRemYO2R+Pit+nXv4Wcrd76tPeOm4dw7J8lYsbZ6xyPbko1i4Sttqe4bwe55PtWNZp56fU+3L6ou8ZG5I7NXagkhyYKgZjNgiGPJ5pmzf6pGHEh2TbFBjFuRAMoc+Ss9DlTZO1FO3S3f/AFpbujknE2fv/uhowOi5FjJNnkfs0OCsQlkXbNRuXbQxuxLtmTjGcY+z2aaA3DLumaGrHGTNFlb649emzOBsj+o+54+aHCQpnk5GsqoB3BH4rLFkmKatxJOUrTYFyOHyVQPSyvae7G5GTFHs8nzXTvhqLTqrMXJtcgdnyfFIRt3IS+r6h4x2pvTTlZuk4SQdk8lWIW/iAdsjjZo1vVSliM94d8cnyUTV6eFxbsLZ9O8ohx8nxSsII/SZ+1AS4nVgcnZoN22McjztitTcdsYodyeIdQ/tWolcrVXJ21jhQdl70O1cJTFOnJxTdxLmSSPzQmxhyRwByVWXn5DE5rHOAKvqQ33qhw5K1j3a1FCeGjLFEc0r1HVlo1qeZGSpYaLZIuCMVkuD5+K9FG5HQWI6aMXrxm5juvBXP9LiQZ6qcYkLUVFNmXYq46646jqYMmTu4K49e659OlZmX5jIdjhOKadLGW5Nj4zwUtppym5YBHHJ5pm4rDINcrjJecJ9fQXMmecY2p63H27EsyFlsI0oW5RRniKuAXdpu7hiHBExsVm30gRc6MbDjzTVu+zjktsQ4XvSsIjL60xjOPNGtyDn7fas32o9tkyyn2KvomyGSkeWtQkMTipNZc8eKxW4GzjIcOSsRbecL+1ZnFuy6LeTOynYrXskAjDC917VFRYn6ctBSU5IYzjnxTEoxikRzJ5CqYEHcx9qzQr7AAScuN2se3FMYQ7fNNz6SIpjxmgsgcyMlBlCJju8FSAu+eKvDcctSUgAjxxjzQCuMmXTFA7tZidsm1HjADCbtajCIYDB3oJZjiTNM448Unb1JC9ON7S270i4pKS7/CU9KRCOXPgCk9XYkhesDnmQc/eu359ZXH9ebYQ1Osjp5F0kxkzQYGCL/ilr3rcbpKN3S2y8ORjJCZ5TjPz80jr7coXJIsrd1y77j3zXOmSHpXc4fJXu45lmvDdldG76pG5FTS2nO0iRlPkpS5qRkpatg7GI8UvGMnGBd9ytNtxk4ex2rrMjDUJKIkTG4hzWSdy5KMRcyQwHNRg/pM57JTXpOknf9RtRSUcSzJxwBnP9KXqSNc8234J65OVvXRsfSdFqJ9Pdxneuf1Od1yeWmfUuq76hfufVIZuJSOxtSjz4xtiksp3LL7jXuSHZT81C5LIZdtysyHOTv/Sq3ODOO9aYFlelJzJzjbDxVlyKpKMUTbbhoDs5xUfB+9U0eEbMopO39Y5AcZK2afTJljJz/wD2xSxNEkbPDitlxi8vS/0qXVlNaexooakjqbU5W3G8Zbh5+a9Rc/4/6Tp7MLpq2EZx6o/TlTxXko3CUel3Thrs2/ULmq0FnSW7DKdpfqHPbivP+nl/114yg3rOnhqnaUrQ7vCn+K79i36Xf0lu1i+WhyRNh+VOaR0vpk5MbmpidPPTn+9dFgRMAB2Arz9d/wA1345cbW2LGh1Uv4OM5Wz9LIzhrlQgSvty4yXOcLtlr1Mo7ux+1AuaexcT3LY44xs1rnu57ascbqLWpLrIUigJw0jOUpyzJMKrg5ru3/TLU5LGc4r25Ck7npNwQjcEDlK689T+s2VzZkpRcyHPxQvb3BdvgxXSfTLw7Sg/dSqfS74L1w+1bncZ8aX0cUZYVioOXtXa0l2FjSW7V+23LMpyJg74eE+1J2rF63piBGJKKucbtVPUzhbxO2Eo7p2x5rNu30xdgWr9NmLKwsYSWUBOT71ypWdRaZkrcjJv9q7Fv1K/eiWrdqUzkiGcf6pi76haszjC5bJKbgbjW+euuWbXBNZejGzhRg77877U/PUXbmknakr9XWOdzNVc1mimr/Dgru4KuGo00hS2mTh71q3f4S4q36hcNHG1eeqMHHO4Pj7NNRZ6yx7Be6rsElbXAvw0HRWNNq9VCwBBlnd4+1a1ultaLVYl1DFMMXn5qet+L5XHMu3NRHVyfqJdW+fPzQ7t64TSK47LXam29fHDKJdj3Y46vu+aUuem3JSCDCS9urGP3rpz1P8AjFc2eouzcylv3fNZ964HT1OM5xTd306+ZG2khwnigy0OoJY9t+HzW5ZWZQzUXYriTh2R4aovT6elViuUXbNE/gtRkPbd+DFbj6dqJCEcIZR2xV2LpeM5Rcxkh4zXd9J1EtTpSEZ+3qLGZRkZ3j3Pw1zoenzE6kHndwJTujhLTXoTtx4XMHO47JWL1yslv8dSX8/QXNXfli/amEhAJDw7UPTyleemyChnA7U1a0dyzprtu5FY3X+WS/6n/wBtMabTW9NBjDdXK4xmseUrpz+XX1zLltZsQSXj5pnQrbuNrURzp7x0yR4ez+GtxiOvncMdMBZdTgzjzSNjUJekDjKoPGO1S8+vR5znrKejCUbstPcc3La4U58VGKiJ+Gj3Q1ekhqIEY3bWITF/Udms25EkJILtl4zXG3K6z37NaRlrNI2Zg3bJmGeWPcPtzWIWnOHJUts7GojchtKLkeydynrrF6bgfTPc+Pis61IDaGCnY70WcOuOY7SD96mBMGNquM0SL/WrsVgUNxq5Im3HcrV0Q6oinc/yUBmJkGpooOmfVFYpwjhK3iFyXVOJGfeQYH8UNlvV9WHO9Z0GjFAJRwPCUUtvOchQ7F04Nxc4eKazGTkGPwtaiULLndK2BjarnbEznD2oeWLiRh/pVBY6ltPU5UcVc4W7kHUac5Pqj/4vf8VjBMY4HNYi3NLPqidUTZDcTxQZlElFyb+aRuJCSZ2e1O6y5CFov2vqtzcYeYvca5lxjOXVFxvuLtWogZBlJYIY5F4rcWTkMOOSs3IZSRke+KzJy5FF5qo82gqDVYwY5qSlkErJLbc3rc17azhXjatBNMQFXYxWoTB43ro+mI6pmxGFqLOWTxwfvWbazR56W9DTWdKS6Ih1zlJwK9qPYs6TTP16guSe0RcNc2/qLmovM7kl6lcZ4KLZjh+i2ykmy71yrFj0di5GUTpHp+1FlkPpTPbNI6OTZtDqEDGQO33ptv20z1AdjvXGxnFW7DPUl29Il07uHije6OYwR6ttqEjdsTIqEjpzUsWY6a2LIZOy/wCqxaRcgtGc5c96qEyUgNx8VudsuRzBZLxg5q9Nabb9eOo3wb4qNQ1C30777G1WitDjcnN7YzzRjAPeud9Vr+KiERDKvNYuT6RD80VNtjdoftgspPH9amquESMcnL3rEtzbO1XO4pg71iUyMcuxQgcxZbrg4KBeeIn5o7POZSMZ4KWlIZye2ag3BYi4Wtwgr1SMJkDxQ4SDDLY8VqNyV6eBxA7FBuUgSMTKbrQ5zIuF/B3rSoYi5zzQGIyym/mg3FlKXVLhNvinNPFiZe5tSkMymZGMT+tHlqMOyKbAdqsKX9T9MsXbUrsIhLCyO0vn71wdR6bGMYxnGZGRm3JMIf5r1JP6MJnJly55rmay/dsXY6fUBf0xhiTNw5wPavT+fdnrXl/XifXnJ2emSEQuR8H6ijaTSRv326AW0+qKcPxXVnP0vU6yDc0t2zGJuQlnL2/FOWtHoowuFu9OEVzAkZXbvj5rX6freZh+P4zq7XOjpbURiQBHI4pjTRt27V2/LAkcAHLR56NbJON+Ep5AiuHej6jRzLdrTwYZx1SVDLivL52/a985k+Rx/ajKHTOIjuCZrl+qaS3aI3IGHhDivQHp+oCSx6iDjIlc/wBZ0eqlatMbE0VFDiu/5d3y+uX788+Hz285KKBh2arpyc4pu5o9Rbutq5ZmSDOGLQJDH9QmNsYr6MsfI8aHjzVYzkxxROk5Nx7VUbVy7PotQlJXYDNXZCS25A0w54+KLptNf1U+mxbZueAruem/8ZuSS5rnpjyRi5X716HT6W1p4ELNsiG2Q3fvXn/T/wAjnn1Prvx+Fv1wvTf+PEf5msSXfpOD7tdyxpbNiOLNuMTHYo5HBWiNeLr9eu77evn85yGRwVUomOMNG6aqUcm1ZlXCk4UKUN+acYNCnBHY2rcqWFWL+1ZnHBvTXRvWZW+oRK3KzhLoGp0edvvTPt9sVTbe5W9QqwTehXLUZv1RHOzk5p1h2x/Ss9GcmKSpZHLuXL2iLv8ACWi3GYDIMp5rjuW91TVV3XnevUytiI4fI0vc0Fi5JZQDPjauvPefXLr87Xl7sPbmmTnatWpEbgrk716Gfo+lmq9fw5zisHoumHIyMeGuv+vLH+VcS3cCaRUV2R+a71mEfU/S21G31arTmepd5FCPRrEXMbkxPON2s2tHrNFeb+jvDLpTB3PCd6xe5f6vh1HOVjHO45wn2rbMngkuQ2lnj4rF+F+Ek1EUc5VOWhwkOfvt9q6T25WWC9dyOzJc1uGpuxcEnB25M0ITar245pWTMNbcibxF5pmx6jpwC/akRDdi5X8Nc5FMm+XB81ljvlM47VMWW69RotT6NcgRLhZlJyRvRzn7NdOFmwxZW527uDODGx8V4CZL9SueQ8V0785Q02lbZO2+0ZkOCSr4rn1y9HH7Z/Hqb0GcerJgM5zSGo1en0seqdwmj+mLla4tjV3SWJzkmMctVcgEpCcOBpzMrXX7+vTWr9QdTJC30W87Ri8vlrFmRJjKMnJthoTEiKGUKuKO5s13l9PFbbddzRT9u7iR/LmdMheM9/w1m5CVm/O3LORx96qKEYZF6g38NNai234W9RF+rHTMfIbP5K8nd9vfxPUa097qPbub44cbnxT1qJcszs5zh6ovycn7VzoRYyzIw/0pyzcYXIyMCOSsyt4uzJlgeeCjTtyI55+amotxhdjctgRmdQZ4e5RCSxzihQC+wMSdjvVNy2iCI/GKxqMSkibc7UCEBcDt471dqC9A5RyVCONsL96haQGEs/DVkkcTM1BRHDmPajW7kjZ3q4wi7jt4q5QTcrUMb91AyZH96LAJQ2cjyPNAjIXEjDRYneD+KqVtiRMjgO1CvXm2DhT4ovv27sWF8YyOGNI6yCQSFzqB5OasGTVWlkEGVqe04cL8nyUlq9I2Lp0y6rUjqhLHI/58lSUZRSUXL3Kb0t2Ny1/D6g6Yy/TJNov+mrKlI21HC5HbetfSzHhaPdtEZNtj0TiolK9Moy5zjaqjzKb/ABWanVU6iusj2WrXBkroXJz0/pduGQnfepxyROCkrFuV+/C3EFlIH4O9F9Qul7VSY7W4HRA7AbVm/WbVQmLu0/p9RKMPpzsY2K51m2ZEy5rqaa3CNnquTIfGMr+K5d5KjcZ3JoBKS9q6eng+zFbaSDvvS+mv284t25vllsU/HURhEixWT3eCuPSWmLQmmxLnL22rMIW5SGbsOfiquW53CGJJHA7cfatRgQiG/Sed1rki7l3oixs4ieTmh2YTeqSuZbfemIaf3HOIgm3mjxsxtxy5UOWpqyM2bZbidTybFbUdsUC5MiMl/HetQmyMlY6ag5LArz2oMpM5YVAq+pTGHNX0riIbG61mVWNky7RO7QS5713pifTHhe9GuQZjAQO9XCyQiEQMHNKFrqjufalnqXET5z2Kd1Ee7j4GgFpIZzzvUlAMSnLpiu3K0xbiQiC/d7tVFIxQ/L5qurMsR5qi7ySAhsd15aCD1kYYXvntRZZ6due9CIptFRTCtBu5MXpgu2y1m2Zdv38tSNuUvpgZ8tOWLAERMo5z4qWrIqxbZOVqvU9H/EaJ6RbkN44eTuU3EImAo0Thq894z1zLMrymisk5NyRubYpyURMdqL6npnQ32/aM2ZuZB/1Xv9qBauQvSCDldg71e7errf5+PMwxprJdvdUkIwMyXxSes1tovzblxzJ2xTfquqt+maM0/tkr8wlI5weK8xNbis3aeUl4a6fl+N691x/b/wAmceofv+qdMJRsr1j3dkpI9W1/uRm6ibEcgvDQW1k3cTjt9ysSIxcm48j2a9vH588fHh7/AG67dC369rrdy7Oco3GYASiOKuPrww6Luhs3FXP04yrSGm0mo1dwhp7bLLjIbH3a9V6T/wAat6bF3W4u3TiJuR/3U7/Tnj63+fHXVcWx6Rf9Z1TqI2I6PT/Zw/by16PQ+l6XQQ6bMBk8yd1rokSMemIAbAGCssa8ff7dd+v49fP588gMVrPS54o7FqunzXJ0C6HzWyODjit9NaI1YB9O3FYYeCmOjvVdLW5GbAGG2KHKDnYptjvWWL3K0hRt55Ky2/BTbDbgqmHkKsrNhOVvwVno8lONv4rDA71vUKSgnBWGHkpuUPBWGHxVlMKygHbmhdA8nem5xyUJg5wd6amASjjc71nGGmJR2e1ClHG3NXTGMCcVRHDsUUi9OH7VOkqaYFctRux6ZxETuVzNR6PBVsSRXKPH4rr4wbVbFStzqxnrmV5a5p7tifTcjgHntVRF4OK9TctQuWpQnAkJwlc+96PCYtiTCR/1XZ/Ndp+jh1+X/HKjEZGc4N6stqmPzRb1m7p0L1tjnhHIlS1mUthfkM1dc7xYE2WXEcrT+ohK76Tp7kQY2RhIN0c7ZoUck7fVGSDuAjjJmvXaLQel6ux7mligmJRHfOO5XL9P08XT8/z14yEDEUe+WjyCcIuMSNn5K9Rd/wCM6KUswnOInB2of/wxZBxqZ7mOM7Vifvy3fw6eQnIJyTYzitaePvXo248rl+1eq/8AhTSBvfuu2/HNMaX0fRenkrkBlIH6pbv2rc/fm+ox/hd2udCzm0CY22PFN6SB0ztpkkZHwlZVJZUYr+1btvRcE3x4rletr1SSTGYgyxL7VqenkQZQR+Kl2yE5GdpbmO1BtXLticoZWJth4x8UlXDeiv8Avae5avie0iPGCtssAG5WLBGd4lsEhjIxyNDI3La2rgLFQQrUqVi9IZbuF81cLbIyGfkoVyE2WZAvkouklhxnDjijLaSjHIOO/krJLDuZPmnYQZG+Gg3NMdWzumfzVwZIodVt6judyiGU3/JQrMZwnjCJyPDTBIXCYa0aqEOr4xWZjDOFEoqYMn70K7JIq7470QKVxz9RlO9LTmq9Ci1d6+HFBtzWRk53qwolsEeoB+KqcEcCI1rqDzVylFNn8VUGiOrsfWxbtsyPDKIcfcpC5jqAeTNFLsrciUNkcjQdasw1ViIQk4lH/wAJdz7PJVCfrn/GLuhtS1ekfcsZ3g7ygefk+a84m+a9l/xr16Fy3HQeoS24t3HfpXgfJSf/ACz/AI+aL/57Sh7UnE4D+he58NY/P9OuevDt6/443p8vYt3tVIHpj0xHuv8A7Uv7g4yH2o2qGzo7Ng5frl93ilomTeu/32z/AE1YuXD/AOnIjTdgtr1XruHwGc1z4DjEXHlp3S6aUsSdxOV4rl3IWOpp9RaJEYdT2OkWnoxtRCWolKSuCETf81zrL7B9LEcb780cu2S7AvX8zUxGBnn5rjZWHZuXreCMXABgxxV2zOVMlITuHvJsA4fLT+lkThk3O1cupiwWEwdhMVm9eZPTCLnjNFIsnAGKpCMXJmuWtgRsxTqnll4rVqCuXzsVoZJ2PitxUMLUpGwImP3ard2ic8tVEZoLgKLGOAIlZtwZjDg5+al59uP0gyTYeKP04NvzS9w61B2KzbVJxgymzuOZfPFFIx4xWpmHAUSFtI7i5KkoUuweIhvuvGKxG30Gdjy+acnEE2zWCIyVDB5pelkLkOpzjbsea0WBluO/AUYkPBitx2VOXhp5mBdBA6Yh5a2S6TAVJHS9Mcr3au3DBmWx81m3VwWEcAveiiG+1BZmdjbtVj1bdqmmNXYRvWpW5hKMjCfFciOj0vpNyep1E24j/Jic/mu1EAKDq9NZ1Vn27xnfIjhH4rpx343Kx1zs9PFa65d1WplqbispSVHseKAxjliv0u/2r1Mv+N25bmqmC5whx4pjS+gaCxvci3nP/bj9q9s/fiTI8V/8frq+3k9LpNVrJRLFmc8f9sYA+9d30/8A4rGOLmuuC94R4/LXo4RjbiRtxjCJwRMFXlWuXf8A5HXXqPRx+HPIWn01jR2vb09sgfHf71tK1vVYrz223a7SZGUrCb0TtUxmtQCY7blV00Xp3qdNXED6asjW8VYb1YlZ6amK3ipitSgTGq6aLjNUGK1OpiYGR3qmO1FxVMdqaYD0+ayxKMxqmJmtSs2F5RMOShyhimpRycUOUQrWmFZQzvisShvnFNsduKGx24pqYVYZOKDKDlExTbHDtWZQEXFNMJ4RdqvpyUVju4qEXxTVD6d96rG+9HYZ7VgjvhK1KzYxjbvWMJLO+GjsdqyxxzVQC9Hq/UDHwmcUvDTwsyZWTpXnfJ+1NzPpRMnI0vlzim0yM3peoRSVuUJxiZHBl+KWj6tr9PJRbauUI809C5thq0jN+oE+TNXZ/WfD/gVn/k2utmJ+3dA3ZGHNG/8AirUCZsW0d1ztQZ+n6ecEDCuclJz9MesC6eDJU8eL/EvnHW/+K4ex1OlerKIP7NLnrV/1HURjG2xgZZROx5pGXol/pyXIhnOO9O6DSQ0kUHqlLZaWcSejnzt9nIzjIxnOe1bhHsIUrMbc+eeEo1q8xAmO3DXPXbDN2KkZG+29ZfqOrBtzRrMo3LEpRc4cI9qhbhIzlPitaAQkdh+acvhOUZCSJA/agtqVm7icREyPmjgStCGMNWJQJWFHDmRweaCW2NwUTyO2K6BAkOHCcNYnHqj9RiRsvmtzGaESlByO1GhcJxCTx3qoRxs74qTtkVlF55KuotBSpK3gylYF3x/Wr94g4uZ6Xv4qjM5sDAlZnKM7Ml2Q7VjUbYlEJRe/igyk4+nmgWnHK5TbcoYg77VuZInmQn2qgEylWJR5sUyOyUC5GS5gieO9XKQR5+1A90JYyD2rSI3pB0yi5+aNorkITlbvYLV0xI/s/coEp5l9Rk7VqMYTcilB5aM2EuqLhK9d6B6m+pW4aHUHVOIkWRklHuNSpU/bmXnXqjj/APJ/TJem+o56iVq8dVt8HGGuTjJUqVv8rvESrhPozgrZq7ux1pE7FSpWrCjWr9y59A4PNdHS2FuWpdW+dv3qVK4d+qw72l9PMs9Vvn/qP+aetYhgjEieCpUrzdfFgsp4+mJQpfQZVValSuVbSEZLnPFaTv4qVKzfgu25/NNReD96lSsVVSkzemOwc/NSNuMRqVKy0uEN84rUwOPxUqVAKVvbA880O5aUDt3qVKnSwPoHY2xtWoxMVKlc5WhCMYmMVmf+KlStxmh5yme9MEQMFSpUotyD8VUPql1PbipUqjWd8Va4NqlStxKsrQVKlWIvG1VUqVRVSpUqxEqVKlaRKgVKlWC8VMVKlUTFTFSpQTFVjapUpCqSs4qVK3GapKxKpUraByM1jFSpUoHKNZkGKlSkAmBmq6dqlSqiHOKk496lStxFdsVWMlSpVQKURd6UvR6Z9VSpSkZNt6NEy4qVKiiR2cO9VejiHUdqlSoreludWYyXjapdhiLIqVKyMsS7ZJH6x/FXA7SM+N6lSgLbG3KWHGSjW5sZmd6lSgfkdcMP3KxG30Rk5yYXFSpW4lCt3MmTzR8ksZKlStJWH6WtYzHNSpVjIUkxxQLqxhnk8VKlWBd1UT6MOGsXJdWxt4qVKoFKUv0rmiQDBUqVYjN2JyceKXnGN2IBhHmpUqxKH7KbrmrIseGpUqj/2Q==" alt="avatar.jpeg" data-href="" style=""/></p>', 0, 0, 'https://lisite-blog.oss-cn-shanghai.aliyuncs.com/blog/2022/05/14/219a68b3-3b98-4efe-af31-5a9422991f0b-avatar.jpeg', '2022-05-14 21:43:50', '2022-05-15 17:05:34', '1295268474480156673', 'admin', '1505006369916694530', 0, 999, 1, 1),
	('1525474615228735489', 'qqq', 'qqq', '<p>qqq</p>', 0, 0, 'https://lisite-blog.oss-cn-shanghai.aliyuncs.com/blog/2022/05/14/0bf2f7a9-c508-4f94-9e92-88ea8c430535-test.jpeg', '2022-05-14 21:54:25', '2022-05-14 21:54:25', '1295268474480156673', 'admin', '1505006369916694530', 1, 999, 1, 1),
	('1525844888234819586', '测试', '测试', '<p>测试博客</p>', 0, 0, 'https://lisite-blog.oss-cn-shanghai.aliyuncs.com/blog/2022/05/15/09fb67b0-f1d2-4d63-afda-a72219d55c65-avatar.jpeg', '2022-05-15 22:25:45', '2022-05-15 22:25:45', '1295268474480156673', 'admin', '1505006369916694530', 0, 999, 1, 0);
/*!40000 ALTER TABLE `t_blog` ENABLE KEYS */;

-- 导出  表 mango_blog.t_blog_tag 结构
DROP TABLE IF EXISTS `t_blog_tag`;
CREATE TABLE IF NOT EXISTS `t_blog_tag` (
  `id` varchar(19) CHARACTER SET utf8 COLLATE utf8_general_ci NOT NULL COMMENT '唯一id',
  `blog_id` varchar(19) CHARACTER SET utf8 COLLATE utf8_general_ci NOT NULL COMMENT '博客ID',
  `tag_id` varchar(19) CHARACTER SET utf8 COLLATE utf8_general_ci NOT NULL COMMENT '标签ID',
  `create_time` timestamp NOT NULL COMMENT '创建时间',
  `update_time` timestamp NOT NULL COMMENT '更新时间',
  PRIMARY KEY (`id`) USING BTREE,
  UNIQUE KEY `IDX_BLOGID_TAGID_UNIQUE` (`blog_id`,`tag_id`)
) ENGINE=InnoDB DEFAULT CHARSET=utf8mb4 COLLATE=utf8mb4_0900_ai_ci;

-- 正在导出表  mango_blog.t_blog_tag 的数据：~2 rows (大约)
DELETE FROM `t_blog_tag`;
/*!40000 ALTER TABLE `t_blog_tag` DISABLE KEYS */;
INSERT INTO `t_blog_tag` (`id`, `blog_id`, `tag_id`, `create_time`, `update_time`) VALUES
	('1525844888763301889', '1525844888234819586', '1506663317590327298', '2022-05-15 22:25:45', '2022-05-15 22:25:45'),
	('1525844888763301890', '1525844888234819586', '1507906192298856450', '2022-05-15 22:25:45', '2022-05-15 22:25:45');
/*!40000 ALTER TABLE `t_blog_tag` ENABLE KEYS */;

-- 导出  表 mango_blog.t_comment 结构
DROP TABLE IF EXISTS `t_comment`;
CREATE TABLE IF NOT EXISTS `t_comment` (
  `id` varchar(19) CHARACTER SET utf8 COLLATE utf8_general_ci NOT NULL COMMENT '唯一id',
  `parent_id` varchar(50) CHARACTER SET utf8 COLLATE utf8_general_ci NOT NULL DEFAULT '0' COMMENT '父id',
  `user_id` varchar(19) CHARACTER SET utf8 COLLATE utf8_general_ci DEFAULT NULL COMMENT '用户id',
  `avatar` varchar(225) CHARACTER SET utf8 COLLATE utf8_general_ci DEFAULT NULL COMMENT '用户头像',
  `nickname` varchar(255) CHARACTER SET utf8 COLLATE utf8_general_ci DEFAULT NULL COMMENT '用户昵称',
  `content` varchar(2048) DEFAULT NULL COMMENT '评论内容',
  `create_time` timestamp NOT NULL COMMENT '创建时间',
  `update_time` timestamp NOT NULL COMMENT '更新时间',
  `source` varchar(255) NOT NULL COMMENT '评论来源： MESSAGE_BOARD，ABOUT，BLOG_INFO 等',
  `type` tinyint(1) NOT NULL DEFAULT '0' COMMENT '评论类型 1:点赞 0:评论',
  `blog_id` varchar(19) CHARACTER SET utf8 COLLATE utf8_general_ci DEFAULT NULL COMMENT '博客id',
  `status` tinyint(1) NOT NULL DEFAULT '1' COMMENT '状态: 0-待审核, 1-审核通过, 2-审核不通过',
  PRIMARY KEY (`id`)
) ENGINE=InnoDB DEFAULT CHARSET=utf8mb3 COMMENT='评论表';

-- 正在导出表  mango_blog.t_comment 的数据：~3 rows (大约)
DELETE FROM `t_comment`;
/*!40000 ALTER TABLE `t_comment` DISABLE KEYS */;
INSERT INTO `t_comment` (`id`, `parent_id`, `user_id`, `avatar`, `nickname`, `content`, `create_time`, `update_time`, `source`, `type`, `blog_id`, `status`) VALUES
	('1295268474480156673', '0', NULL, 'https://lisite-blog.oss-cn-shanghai.aliyuncs.com/avatar/2022/04/04/d3b5c4c0-6734-4532-84c3-79a199997298-avatar.png', '李斯特', '测试', '2022-04-13 20:05:53', '2022-04-13 20:05:54', 'ABOUT', 0, NULL, 1),
	('1295268474480156674', '1295268474480156673', NULL, 'https://lisite-blog.oss-cn-shanghai.aliyuncs.com/avatar/2022/04/04/d3b5c4c0-6734-4532-84c3-79a199997298-avatar.png', '李斯特', '回复测试', '2022-04-13 20:07:09', '2022-04-13 20:07:10', 'BLOG_INFO', 0, NULL, 1),
	('1295268474480156675', '1295268474480156674', NULL, 'https://guang1997.oss-cn-shanghai.aliyuncs.com/avatar/2020/07/22/index.jpg', '游客', '回复李斯特', '2022-04-13 20:17:24', '2022-04-13 20:17:24', 'BLOG_INFO', 0, NULL, 1),
	('1295268474480156676', '1295268474480156675', NULL, 'https://lisite-blog.oss-cn-shanghai.aliyuncs.com/avatar/2022/04/04/d3b5c4c0-6734-4532-84c3-79a199997298-avatar.png', '李斯特', '回复游客', '2022-04-13 20:18:42', '2022-04-13 20:18:42', 'MESSAGE_BOARD', 0, NULL, 1);
/*!40000 ALTER TABLE `t_comment` ENABLE KEYS */;

-- 导出  表 mango_blog.t_dict 结构
DROP TABLE IF EXISTS `t_dict`;
CREATE TABLE IF NOT EXISTS `t_dict` (
  `id` varchar(19) NOT NULL COMMENT '主键',
  `dict_name` varchar(255) DEFAULT NULL COMMENT '字典名称',
  `summary` varchar(255) DEFAULT NULL COMMENT '描述',
  `is_deleted` tinyint(1) DEFAULT '0' COMMENT '逻辑删除 1（true）已删除， 0（false）未删除',
  `create_time` timestamp NOT NULL COMMENT '创建时间',
  `update_time` timestamp NOT NULL COMMENT '更新时间',
  `sort` int NOT NULL DEFAULT '0' COMMENT '排序字段，越大越靠前',
  PRIMARY KEY (`id`)
) ENGINE=InnoDB DEFAULT CHARSET=utf8mb3 COMMENT='字典表';

-- 正在导出表  mango_blog.t_dict 的数据：~3 rows (大约)
DELETE FROM `t_dict`;
/*!40000 ALTER TABLE `t_dict` DISABLE KEYS */;
INSERT INTO `t_dict` (`id`, `dict_name`, `summary`, `is_deleted`, `create_time`, `update_time`, `sort`) VALUES
	('1506155694696247297', 'sys_yes_no', '系统是否', 0, '2022-03-22 14:27:55', '2022-03-22 14:27:55', 0),
	('1506174838367870978', 'sys_menu_type', '菜单类型', 0, '2022-03-22 15:43:59', '2022-03-22 15:44:07', 0),
	('1506640128227151874', 'sys_status', '状态', 0, '2022-03-23 22:32:53', '2022-03-23 22:32:53', 0),
	('1506648391412879362', 'sys_sort_type', '分类级别', 0, '2022-03-23 23:05:43', '2022-03-23 23:05:43', 0),
	('1507909943558524929', 'sys_gender', '性别', 0, '2022-03-27 10:38:41', '2022-03-27 10:38:41', 0),
	('1507913784651722753', 'sys_link_status', '友链状态', 0, '2022-03-27 10:53:57', '2022-03-27 10:53:57', 0),
	('1514209682880995330', 'sys_comment_type', '评论类型', 0, '2022-04-13 19:51:36', '2022-04-13 19:51:36', 0),
	('1514209728137535490', 'sys_comment_source', '评论来源', 0, '2022-04-13 19:51:47', '2022-04-13 19:51:47', 0),
	('1516045589821116417', 'sys_blog_level', '博客推荐级别', 0, '2022-04-18 21:26:50', '2022-04-18 21:26:50', 0);
/*!40000 ALTER TABLE `t_dict` ENABLE KEYS */;

-- 导出  表 mango_blog.t_dict_detail 结构
DROP TABLE IF EXISTS `t_dict_detail`;
CREATE TABLE IF NOT EXISTS `t_dict_detail` (
  `id` varchar(19) NOT NULL COMMENT '主键',
  `dict_id` varchar(255) DEFAULT NULL COMMENT '字典类型ID',
  `dict_label` varchar(255) DEFAULT NULL COMMENT '字典标签',
  `dict_value` varchar(255) DEFAULT NULL COMMENT '字典键值',
  `css_class` varchar(255) DEFAULT NULL COMMENT '样式属性（其他样式扩展）',
  `list_class` varchar(255) DEFAULT NULL COMMENT '表格回显样式',
  `summary` varchar(255) DEFAULT NULL COMMENT '备注',
  `is_deleted` tinyint(1) DEFAULT '0' COMMENT '逻辑删除 1（true）已删除， 0（false）未删除',
  `create_time` timestamp NOT NULL COMMENT '创建时间',
  `update_time` timestamp NOT NULL COMMENT '更新时间',
  `sort` int NOT NULL DEFAULT '0' COMMENT '排序字段，越大越靠前',
  PRIMARY KEY (`id`)
) ENGINE=InnoDB DEFAULT CHARSET=utf8mb3 COMMENT='字典详细数据表';

-- 正在导出表  mango_blog.t_dict_detail 的数据：~24 rows (大约)
DELETE FROM `t_dict_detail`;
/*!40000 ALTER TABLE `t_dict_detail` DISABLE KEYS */;
INSERT INTO `t_dict_detail` (`id`, `dict_id`, `dict_label`, `dict_value`, `css_class`, `list_class`, `summary`, `is_deleted`, `create_time`, `update_time`, `sort`) VALUES
	('1506162082013065218', '1506155694696247297', '是', '1', NULL, 'success', '系统是否 是', 0, '2022-03-22 14:53:18', '2022-03-22 16:17:49', 2),
	('1506171019126923265', '1506155694696247297', '否', '0', NULL, 'warning', '系统是否 否', 0, '2022-03-22 15:28:49', '2022-03-22 15:35:13', 1),
	('1506196718315483137', '1506174838367870978', '目录', '0', NULL, 'default', '菜单类型 目录', 0, '2022-03-22 17:10:56', '2022-03-22 17:19:19', 3),
	('1506198945411215362', '1506174838367870978', '菜单', '1', NULL, 'success', '菜单类型 菜单', 0, '2022-03-22 17:19:47', '2022-03-22 17:19:47', 2),
	('1506199049916493825', '1506174838367870978', '按钮', '2', '', 'warning', '菜单类型 按钮', 0, '2022-03-22 17:20:12', '2022-03-22 17:20:23', 1),
	('1506640400328429570', '1506640128227151874', '禁用', '0', NULL, 'danger', '系统状态 禁用', 0, '2022-03-23 22:33:58', '2022-04-09 09:33:51', 1),
	('1506640493521670145', '1506640128227151874', '启用', '1', NULL, 'success', '系统状态 启用', 0, '2022-03-23 22:34:20', '2022-04-09 09:33:47', 2),
	('1506648554332229633', '1506648391412879362', '一级分类', '1', NULL, 'success', '分类级别 一级', 0, '2022-03-23 23:06:22', '2022-03-23 23:07:29', 3),
	('1506648617326481409', '1506648391412879362', '二级分类', '2', NULL, 'primary', '分类级别 二级', 0, '2022-03-23 23:06:37', '2022-03-23 23:07:10', 2),
	('1506648738428620801', '1506648391412879362', '三级分类', '3', NULL, 'info', '分类级别 三级', 0, '2022-03-23 23:07:06', '2022-03-23 23:07:06', 1),
	('1507910063435927554', '1507909943558524929', '男', '1', NULL, 'success', '性别 男', 0, '2022-03-27 10:39:09', '2022-03-27 10:39:31', 2),
	('1507910141563228162', '1507909943558524929', '女', '2', NULL, 'danger', '性别 女', 0, '2022-03-27 10:39:28', '2022-03-27 10:39:35', 1),
	('1507913903639932929', '1507913784651722753', '申请中', '0', NULL, 'default', '友链状态 申请中', 0, '2022-03-27 10:54:25', '2022-03-27 10:54:58', 1),
	('1507914027598393346', '1507913784651722753', '已上线', '1', NULL, 'success', '友链状态 已上线', 0, '2022-03-27 10:54:55', '2022-03-27 10:54:55', 2),
	('1507914160700436482', '1507913784651722753', '已下架', '2', NULL, 'danger', '友链状态 已下架', 1, '2022-03-27 10:55:26', '2022-03-27 10:55:26', 3),
	('1514210064461996034', '1514209682880995330', '点赞', '1', NULL, 'success', '评论类型 点赞', 0, '2022-04-13 19:53:07', '2022-04-13 19:53:07', 999),
	('1514210160368951298', '1514209682880995330', '评论', '0', NULL, 'warning', '评论类型 评论', 0, '2022-04-13 19:53:30', '2022-04-13 19:53:34', 999),
	('1514210349318152193', '1514209728137535490', '留言板', 'MESSAGE_BOARD', NULL, 'success', '评论来源 留言板', 0, '2022-04-13 19:54:15', '2022-04-13 19:54:15', 999),
	('1514210482151759873', '1514209728137535490', '关于我', 'ABOUT', NULL, 'warning', '评论来源 关于我', 0, '2022-04-13 19:54:46', '2022-04-13 19:54:46', 999),
	('1514210661902852098', '1514209728137535490', '博客详情', 'BLOG_INFO', NULL, 'primary', '评论来源 博客详情', 0, '2022-04-13 19:55:29', '2022-04-13 19:55:29', 999),
	('1516045760239882241', '1516045589821116417', '正常', '0', NULL, 'default', '博客推荐级别 正常', 0, '2022-04-18 21:27:31', '2022-04-18 21:27:31', 999),
	('1516045852984332289', '1516045589821116417', '一级推荐', '1', NULL, 'success', '博客推荐级别 一级推荐', 0, '2022-04-18 21:27:53', '2022-04-18 21:27:58', 999),
	('1516045939999363073', '1516045589821116417', '二级推荐', '2', NULL, 'warning', '博客推荐级别 二级推荐', 0, '2022-04-18 21:28:14', '2022-04-18 21:29:20', 999),
	('1516045995942989826', '1516045589821116417', '三级推荐', '3', NULL, 'danger', '博客推荐级别 三级推荐', 0, '2022-04-18 21:28:27', '2022-04-18 21:29:23', 999);
/*!40000 ALTER TABLE `t_dict_detail` ENABLE KEYS */;

-- 导出  表 mango_blog.t_email_config 结构
DROP TABLE IF EXISTS `t_email_config`;
CREATE TABLE IF NOT EXISTS `t_email_config` (
  `id` varchar(19) NOT NULL COMMENT 'ID',
  `from_user` varchar(255) DEFAULT NULL COMMENT '发件人',
  `host` varchar(255) DEFAULT NULL COMMENT '邮件服务器SMTP地址',
  `password` varchar(255) CHARACTER SET utf8 COLLATE utf8_general_ci DEFAULT NULL COMMENT '密码',
  `port` int DEFAULT NULL COMMENT '端口',
  `user` varchar(255) DEFAULT NULL COMMENT '发件者用户名',
  `subject` varchar(255) CHARACTER SET utf8 COLLATE utf8_general_ci DEFAULT NULL COMMENT '邮件主题',
  `create_time` timestamp NULL DEFAULT NULL COMMENT '创建时间',
  `update_time` timestamp NULL DEFAULT NULL COMMENT '更新时间',
  PRIMARY KEY (`id`) USING BTREE
) ENGINE=InnoDB DEFAULT CHARSET=utf8mb3 ROW_FORMAT=COMPACT COMMENT='邮箱配置';

-- 正在导出表  mango_blog.t_email_config 的数据：~0 rows (大约)
DELETE FROM `t_email_config`;
/*!40000 ALTER TABLE `t_email_config` DISABLE KEYS */;
INSERT INTO `t_email_config` (`id`, `from_user`, `host`, `password`, `port`, `user`, `subject`, `create_time`, `update_time`) VALUES
	('1595268474480156679', 'mango_blog@163.com', 'smtp.163.com', 'WVNMVElMUk9OVlJDSlNOTw==', 25, 'mango_blog', 'MANGO_BLOG后台管理系统', NULL, NULL);
/*!40000 ALTER TABLE `t_email_config` ENABLE KEYS */;

-- 导出  表 mango_blog.t_exception_log 结构
DROP TABLE IF EXISTS `t_exception_log`;
CREATE TABLE IF NOT EXISTS `t_exception_log` (
  `id` varchar(19) CHARACTER SET utf8 COLLATE utf8_general_ci NOT NULL COMMENT '唯一id',
  `exception_json` mediumtext COMMENT '异常对象json格式',
  `exception_message` mediumtext COMMENT '异常信息',
  `status` tinyint(1) DEFAULT '1' COMMENT '状态',
  `create_time` timestamp NULL DEFAULT NULL COMMENT '创建时间',
  `update_time` timestamp NULL DEFAULT NULL COMMENT '更新时间',
  `ip` varchar(20) DEFAULT NULL COMMENT 'ip地址',
  `ip_source` varchar(100) DEFAULT NULL COMMENT 'ip来源',
  `method` varchar(255) DEFAULT NULL COMMENT '请求方法',
  `operation` varchar(100) DEFAULT NULL COMMENT '方法描述',
  `params` longtext COMMENT '请求参数',
  PRIMARY KEY (`id`) USING BTREE
) ENGINE=InnoDB DEFAULT CHARSET=utf8mb3 COMMENT='异常信息表';

-- 正在导出表  mango_blog.t_exception_log 的数据：~0 rows (大约)
DELETE FROM `t_exception_log`;
/*!40000 ALTER TABLE `t_exception_log` DISABLE KEYS */;
/*!40000 ALTER TABLE `t_exception_log` ENABLE KEYS */;

-- 导出  表 mango_blog.t_link 结构
DROP TABLE IF EXISTS `t_link`;
CREATE TABLE IF NOT EXISTS `t_link` (
  `id` varchar(19) CHARACTER SET utf8 COLLATE utf8_general_ci NOT NULL COMMENT '唯一id',
  `title` varchar(255) DEFAULT NULL COMMENT '友情链接标题',
  `summary` varchar(255) DEFAULT NULL COMMENT '友情链接介绍',
  `url` varchar(255) DEFAULT NULL COMMENT '友情链接URL',
  `create_time` timestamp NOT NULL COMMENT '创建时间',
  `update_time` timestamp NOT NULL COMMENT '更新时间',
  `link_status` tinyint(1) NOT NULL DEFAULT '1' COMMENT '友链状态： 0 申请中， 1：已上线',
  `file_id` varchar(255) CHARACTER SET utf8 COLLATE utf8_general_ci DEFAULT NULL COMMENT '网站图标',
  PRIMARY KEY (`id`)
) ENGINE=InnoDB DEFAULT CHARSET=utf8mb3 COMMENT='友情链接表';

-- 正在导出表  mango_blog.t_link 的数据：~2 rows (大约)
DELETE FROM `t_link`;
/*!40000 ALTER TABLE `t_link` DISABLE KEYS */;
INSERT INTO `t_link` (`id`, `title`, `summary`, `url`, `create_time`, `update_time`, `link_status`, `file_id`) VALUES
	('1507920187256823810', '测试2', NULL, 'https://www.yanshisan.cn/1', '2022-03-27 11:19:23', '2022-05-15 17:34:17', 0, 'https://guang1997.oss-cn-shanghai.aliyuncs.com/avatar/2020/07/22/index.jpg'),
	('1525771593183432706', '测试2', NULL, 'https://www.yanshisan.cn/12', '2022-05-15 17:34:30', '2022-05-15 17:37:03', 0, 'https://guang1997.oss-cn-shanghai.aliyuncs.com/avatar/2020/07/22/index.jpg');
/*!40000 ALTER TABLE `t_link` ENABLE KEYS */;

-- 导出  表 mango_blog.t_menu 结构
DROP TABLE IF EXISTS `t_menu`;
CREATE TABLE IF NOT EXISTS `t_menu` (
  `id` varchar(19) CHARACTER SET utf8 COLLATE utf8_general_ci NOT NULL COMMENT '唯一id',
  `name` varchar(255) NOT NULL COMMENT '菜单名称',
  `title` varchar(255) CHARACTER SET utf8 COLLATE utf8_general_ci NOT NULL COMMENT '菜单标题',
  `pid` varchar(19) CHARACTER SET utf8 COLLATE utf8_general_ci DEFAULT NULL COMMENT '父id',
  `icon` varchar(50) DEFAULT NULL COMMENT '图标',
  `sort` int DEFAULT '0' COMMENT '排序字段，越大越靠前',
  `is_deleted` tinyint unsigned NOT NULL DEFAULT '0' COMMENT '是否已删除 1:是 0:否',
  `create_time` timestamp NOT NULL COMMENT '创建时间',
  `update_time` timestamp NOT NULL COMMENT '更新时间',
  `hidden` tinyint(1) NOT NULL DEFAULT '0' COMMENT '是否隐藏 1:是 0:否',
  `component` varchar(225) CHARACTER SET utf8 COLLATE utf8_general_ci DEFAULT NULL COMMENT '组件名称',
  `path` varchar(225) CHARACTER SET utf8 COLLATE utf8_general_ci DEFAULT NULL COMMENT 'url地址',
  `redirect` varchar(225) CHARACTER SET utf8 COLLATE utf8_general_ci DEFAULT NULL COMMENT '重定向地址',
  `permission` varchar(225) CHARACTER SET utf8 COLLATE utf8_general_ci DEFAULT NULL COMMENT '权限标识',
  `menu_type` tinyint(1) DEFAULT NULL COMMENT '菜单类型 0:目录 1:菜单 2:按钮',
  `sub_count` tinyint(1) NOT NULL DEFAULT '0' COMMENT '子菜单数量，默认0',
  PRIMARY KEY (`id`)
) ENGINE=InnoDB DEFAULT CHARSET=utf8mb3 COMMENT='菜单表';

-- 正在导出表  mango_blog.t_menu 的数据：~43 rows (大约)
DELETE FROM `t_menu`;
/*!40000 ALTER TABLE `t_menu` DISABLE KEYS */;
INSERT INTO `t_menu` (`id`, `name`, `title`, `pid`, `icon`, `sort`, `is_deleted`, `create_time`, `update_time`, `hidden`, `component`, `path`, `redirect`, `permission`, `menu_type`, `sub_count`) VALUES
	('1195268474480156673', '权限管理', '权限管理', '0', 'authority', 998, 0, '2021-10-07 21:49:36', '2022-03-27 23:04:19', 0, 'Layout', '/authority', NULL, '', 0, 4),
	('1195268474480156674', '管理员管理', '管理员管理', '1195268474480156673', 'peoples', 999, 0, '2021-10-07 22:38:13', '2022-05-15 22:18:03', 0, 'authority/admin', 'admin', NULL, 'admin:list', 1, 4),
	('1195268474480156675', '菜单管理', '菜单管理', '1195268474480156673', 'authority', 998, 0, '2021-10-07 22:50:12', '2022-05-15 22:18:10', 0, 'authority/menu', 'menu', NULL, 'menu:list', 1, 4),
	('1195268474480156676', '添加菜单', '新增菜单', '1195268474480156675', NULL, 999, 0, '2021-12-04 22:16:29', '2022-05-15 22:18:56', 0, NULL, NULL, NULL, 'menu:add', 2, 0),
	('1195268474480156677', '博客管理', '博客管理', '0', 'blog', 999, 0, '2022-03-07 14:11:22', '2022-03-27 23:04:05', 0, 'Layout', '/blog', NULL, '', 0, 4),
	('1195268474480156678', '博客管理', '博客管理', '1195268474480156677', 'blog', 999, 0, '2022-03-07 14:20:01', '2022-05-15 22:17:33', 0, 'blog/blog', 'blog', NULL, 'blog:list', 1, 4),
	('1195268474480156679', '分类管理', '分类管理', '1195268474480156677', 'sort', 997, 0, '2022-03-07 14:55:30', '2022-05-15 22:17:45', 0, 'blog/sort', 'sort', NULL, 'sort:list', 1, 4),
	('1501368407743528962', '系统管理', '系统管理', '0', 'system', 997, 0, '2022-03-09 09:24:57', '2022-03-27 23:04:25', 0, 'Layout', '/system', NULL, NULL, 0, 5),
	('1501369279194071042', '字典管理', '字典管理', '1501368407743528962', 'authority', 999, 0, '2022-03-09 09:28:25', '2022-03-22 13:40:06', 0, 'system/dict', 'dict', NULL, 'dict:list', 1, 4),
	('1501369997368082434', '删除菜单', '删除菜单', '1195268474480156675', NULL, 997, 0, '2022-03-09 09:31:16', '2022-05-15 22:17:01', 0, NULL, NULL, NULL, 'menu:del', 2, 0),
	('1501483509264281601', '修改菜单', '编辑菜单', '1195268474480156675', NULL, 998, 0, '2022-03-09 17:02:19', '2022-05-15 22:19:03', 0, NULL, NULL, NULL, 'menu:edit', 2, 0),
	('1501490155294052354', '角色管理', '角色管理', '1195268474480156673', 'adminRole', 997, 0, '2022-03-09 17:28:44', '2022-05-15 22:17:57', 0, 'authority/role', 'role', NULL, 'role:list', 1, 5),
	('1503383805083586562', '添加管理员', '新增管理员', '1195268474480156674', NULL, 999, 0, '2022-03-14 22:53:25', '2022-05-15 22:13:16', 0, NULL, NULL, NULL, 'admin:add', 2, 0),
	('1504633021835083777', '标签管理', '标签管理', '1195268474480156677', 'tag', 998, 0, '2022-03-18 09:37:22', '2022-05-15 22:17:39', 0, 'blog/tag', 'tag', NULL, 'tag:list', 1, 4),
	('1506144477000859650', '友情链接', '友情链接', '1501368407743528962', 'link', 999, 0, '2022-03-22 13:43:21', '2022-03-22 13:43:21', 0, 'system/link', 'link', NULL, 'link:list', 1, 4),
	('1508097474904268802', '系统监控', '系统监控', '0', 'monitor', 996, 0, '2022-03-27 23:08:23', '2022-03-27 23:08:23', 0, 'Layout', '/monitor', NULL, NULL, 0, 3),
	('1508097940568481794', '服务监控', '服务监控', '1508097474904268802', 'dashboard', 999, 0, '2022-03-27 23:10:30', '2022-03-27 23:10:30', 0, 'monitor/server', 'server', NULL, 'server:list', 1, 0),
	('1508812944326385665', 'druid监控', 'druid监控', '1508097474904268802', 'druid', 999, 0, '2022-03-29 22:26:53', '2022-03-29 22:26:53', 0, 'monitor/druid', 'druid', NULL, 'druid:list', 1, 0),
	('1513015571486470146', '评论管理', '评论管理', '1501368407743528962', 'message', 999, 0, '2022-04-10 12:46:37', '2022-04-16 08:19:58', 0, 'system/comment', 'comment', NULL, 'comment:list', 1, 2),
	('1515127581015547905', '门户访问记录管理', '门户访问记录管理', '1501368407743528962', 'web', 999, 0, '2022-04-16 08:39:00', '2022-04-16 17:29:20', 0, 'system/webVisit', 'webVisit', NULL, 'webVisit:list', 1, 2),
	('1525841882105839617', '新增标签', '新增标签', '1504633021835083777', NULL, 999, 0, '2022-05-15 22:13:48', '2022-05-15 22:13:48', 0, NULL, NULL, NULL, 'tag:add', 2, 0),
	('1525841954847653889', '编辑标签', '编辑标签', '1504633021835083777', NULL, 998, 0, '2022-05-15 22:14:05', '2022-05-15 22:14:05', 0, NULL, NULL, NULL, 'tag:edit', 2, 0),
	('1525842038595321857', '删除标签', '删除标签', '1504633021835083777', NULL, 997, 0, '2022-05-15 22:14:25', '2022-05-15 22:14:25', 0, NULL, NULL, NULL, 'tag:del', 2, 0),
	('1525842246624411649', '新增分类', '新增分类', '1195268474480156679', NULL, 999, 0, '2022-05-15 22:15:15', '2022-05-15 22:15:15', 0, NULL, NULL, NULL, 'sort:add', 2, 0),
	('1525842314769268737', '编辑分类', '编辑分类', '1195268474480156679', NULL, 998, 0, '2022-05-15 22:15:31', '2022-05-15 22:15:31', 0, NULL, NULL, NULL, 'sort:edit', 2, 0),
	('1525842371665002498', '删除分类', '删除分类', '1195268474480156679', NULL, 997, 0, '2022-05-15 22:15:45', '2022-05-15 22:15:45', 0, NULL, NULL, NULL, 'sort:del', 2, 0),
	('1525842436408279041', '新增博客', '新增博客', '1195268474480156678', NULL, 999, 0, '2022-05-15 22:16:00', '2022-05-15 22:16:00', 0, NULL, NULL, NULL, 'blog:add', 2, 0),
	('1525842506499293186', '编辑博客', '编辑博客', '1195268474480156678', NULL, 998, 0, '2022-05-15 22:16:17', '2022-05-15 22:16:17', 0, NULL, NULL, NULL, 'blog:edit', 2, 0),
	('1525842561776025601', '删除博客', '删除博客', '1195268474480156678', NULL, 997, 0, '2022-05-15 22:16:30', '2022-05-15 22:16:30', 0, NULL, NULL, NULL, 'blog:del', 2, 0),
	('1525843063003742209', '编辑管理员', '编辑管理员', '1195268474480156674', NULL, 998, 0, '2022-05-15 22:18:30', '2022-05-15 22:18:30', 0, NULL, NULL, NULL, 'admin:edit', 2, 0),
	('1525843118246920193', '删除管理员', '删除管理员', '1195268474480156674', NULL, 997, 0, '2022-05-15 22:18:43', '2022-05-15 22:18:43', 0, NULL, NULL, NULL, 'admin:del', 2, 0),
	('1525843281111744514', '新增角色', '新增角色', '1501490155294052354', NULL, 999, 0, '2022-05-15 22:19:22', '2022-05-15 22:19:22', 0, NULL, NULL, NULL, 'role:add', 2, 0),
	('1525843351437639681', '编辑角色', '编辑角色', '1501490155294052354', NULL, 998, 0, '2022-05-15 22:19:38', '2022-05-15 22:19:38', 0, NULL, NULL, NULL, 'role:edit', 2, 0),
	('1525843407997829121', '删除角色', '删除角色', '1501490155294052354', NULL, 997, 0, '2022-05-15 22:19:52', '2022-05-15 22:19:52', 0, NULL, NULL, NULL, 'role:del', 2, 0),
	('1525843528609234945', '删除评论', '删除评论', '1513015571486470146', NULL, 999, 0, '2022-05-15 22:20:21', '2022-05-15 22:20:21', 0, NULL, NULL, NULL, 'comment:del', 2, 0),
	('1525843884231688194', '新增字典', '新增字典', '1501369279194071042', NULL, 999, 0, '2022-05-15 22:21:45', '2022-05-15 22:21:45', 0, NULL, NULL, NULL, 'dict:add', 2, 0),
	('1525843954922487810', '编辑字典', '编辑字典', '1501369279194071042', NULL, 998, 0, '2022-05-15 22:22:02', '2022-05-15 22:22:02', 0, NULL, NULL, NULL, 'dict:edit', 2, 0),
	('1525844040964440065', '删除字典', '删除字典', '1501369279194071042', NULL, 997, 0, '2022-05-15 22:22:23', '2022-05-15 22:22:23', 0, NULL, NULL, NULL, 'dict:del', 2, 0),
	('1525844298687643650', '新增友链', '新增友链', '1506144477000859650', NULL, 999, 0, '2022-05-15 22:23:24', '2022-05-15 22:23:24', 0, NULL, NULL, NULL, 'link:add', 2, 0),
	('1525844355809869826', '编辑友链', '编辑友链', '1506144477000859650', NULL, 998, 0, '2022-05-15 22:23:38', '2022-05-15 22:23:38', 0, NULL, NULL, NULL, 'link:edit', 2, 0),
	('1525844427620548610', '删除友链', '删除友链', '1506144477000859650', NULL, 997, 0, '2022-05-15 22:23:55', '2022-05-15 22:23:55', 0, NULL, NULL, NULL, 'link:del', 2, 0),
	('1525844539302281217', '绑定菜单', '绑定菜单', '1501490155294052354', NULL, 996, 1, '2022-05-15 22:24:22', '2022-05-15 22:24:22', 0, NULL, NULL, NULL, 'role:menu', 2, 0),
	('1525844698102824962', '删除记录', '删除记录', '1515127581015547905', NULL, 999, 0, '2022-05-15 22:25:00', '2022-05-15 22:25:00', 0, NULL, NULL, NULL, 'webVisit:del', 2, 0);
/*!40000 ALTER TABLE `t_menu` ENABLE KEYS */;

-- 导出  表 mango_blog.t_picture 结构
DROP TABLE IF EXISTS `t_picture`;
CREATE TABLE IF NOT EXISTS `t_picture` (
  `id` varchar(19) CHARACTER SET utf8 COLLATE utf8_general_ci NOT NULL COMMENT '唯一id',
  `file_id` varchar(255) DEFAULT NULL COMMENT '图片id',
  `pic_name` varchar(255) DEFAULT NULL COMMENT '图片名',
  `picture_sort_id` int DEFAULT NULL COMMENT '分类id',
  `status` tinyint unsigned NOT NULL DEFAULT '1' COMMENT '状态',
  `create_time` timestamp NOT NULL COMMENT '创建时间',
  `update_time` timestamp NOT NULL COMMENT '更新时间',
  PRIMARY KEY (`id`)
) ENGINE=InnoDB DEFAULT CHARSET=utf8mb3 COMMENT='图片表';

-- 正在导出表  mango_blog.t_picture 的数据：~0 rows (大约)
DELETE FROM `t_picture`;
/*!40000 ALTER TABLE `t_picture` DISABLE KEYS */;
/*!40000 ALTER TABLE `t_picture` ENABLE KEYS */;

-- 导出  表 mango_blog.t_role 结构
DROP TABLE IF EXISTS `t_role`;
CREATE TABLE IF NOT EXISTS `t_role` (
  `id` varchar(19) CHARACTER SET utf8 COLLATE utf8_general_ci NOT NULL COMMENT '唯一id',
  `role_name` varchar(255) NOT NULL COMMENT '角色名',
  `create_time` timestamp NOT NULL COMMENT '创建时间',
  `update_time` timestamp NOT NULL COMMENT '更新时间',
  `summary` varchar(255) DEFAULT NULL COMMENT '角色介绍',
  `level` int unsigned DEFAULT NULL COMMENT '级别，数值越小，级别越大',
  PRIMARY KEY (`id`)
) ENGINE=InnoDB DEFAULT CHARSET=utf8mb3 COMMENT='角色表';

-- 正在导出表  mango_blog.t_role 的数据：~3 rows (大约)
DELETE FROM `t_role`;
/*!40000 ALTER TABLE `t_role` DISABLE KEYS */;
INSERT INTO `t_role` (`id`, `role_name`, `create_time`, `update_time`, `summary`, `level`) VALUES
	('1395268474480156673', 'admin', '2021-10-02 22:52:24', '2022-04-06 22:58:14', '管理员', 1),
	('1395268474480156674', 'visitor', '2021-12-02 21:58:50', '2022-05-15 17:38:20', '游客', 2),
	('1502546893753643010', '12', '2022-03-12 15:27:50', '2022-03-12 15:27:50', '12', 3);
/*!40000 ALTER TABLE `t_role` ENABLE KEYS */;

-- 导出  表 mango_blog.t_role_admin 结构
DROP TABLE IF EXISTS `t_role_admin`;
CREATE TABLE IF NOT EXISTS `t_role_admin` (
  `id` varchar(19) CHARACTER SET utf8 COLLATE utf8_general_ci NOT NULL COMMENT '唯一id',
  `role_id` varchar(19) CHARACTER SET utf8 COLLATE utf8_general_ci NOT NULL COMMENT '角色ID',
  `admin_id` varchar(19) CHARACTER SET utf8 COLLATE utf8_general_ci NOT NULL COMMENT '用户ID',
  `create_time` timestamp NOT NULL COMMENT '创建时间',
  `update_time` timestamp NOT NULL COMMENT '更新时间',
  PRIMARY KEY (`id`) USING BTREE,
  UNIQUE KEY `ROLE_ADMIN_UK` (`role_id`,`admin_id`)
) ENGINE=InnoDB DEFAULT CHARSET=utf8mb3 COMMENT='角色管理员中间表';

-- 正在导出表  mango_blog.t_role_admin 的数据：~2 rows (大约)
DELETE FROM `t_role_admin`;
/*!40000 ALTER TABLE `t_role_admin` DISABLE KEYS */;
INSERT INTO `t_role_admin` (`id`, `role_id`, `admin_id`, `create_time`, `update_time`) VALUES
	('1512987650810048514', '1395268474480156673', '1295268474480156673', '2022-04-10 10:55:41', '2022-04-10 10:55:41'),
	('1525754355122515970', '1395268474480156674', '1595268474480156674', '2022-05-15 16:26:00', '2022-05-15 16:26:00');
/*!40000 ALTER TABLE `t_role_admin` ENABLE KEYS */;

-- 导出  表 mango_blog.t_role_menu 结构
DROP TABLE IF EXISTS `t_role_menu`;
CREATE TABLE IF NOT EXISTS `t_role_menu` (
  `id` varchar(19) CHARACTER SET utf8 COLLATE utf8_general_ci NOT NULL COMMENT '唯一id',
  `role_id` varchar(19) CHARACTER SET utf8 COLLATE utf8_general_ci NOT NULL COMMENT '角色ID',
  `menu_id` varchar(19) CHARACTER SET utf8 COLLATE utf8_general_ci NOT NULL COMMENT '菜单ID',
  `create_time` timestamp NOT NULL COMMENT '创建时间',
  `update_time` timestamp NOT NULL COMMENT '更新时间',
  PRIMARY KEY (`id`) USING BTREE,
  UNIQUE KEY `ROLE_MENU_UK` (`role_id`,`menu_id`)
) ENGINE=InnoDB DEFAULT CHARSET=utf8mb4 COLLATE=utf8mb4_0900_ai_ci;

-- 正在导出表  mango_blog.t_role_menu 的数据：~22 rows (大约)
DELETE FROM `t_role_menu`;
/*!40000 ALTER TABLE `t_role_menu` DISABLE KEYS */;
INSERT INTO `t_role_menu` (`id`, `role_id`, `menu_id`, `create_time`, `update_time`) VALUES
	('1507906766557794306', '1502546893753643010', '1501368407743528962', '2022-03-27 10:26:03', '2022-03-27 10:26:03'),
	('1507906766822035458', '1502546893753643010', '1501369279194071042', '2022-03-27 10:26:03', '2022-03-27 10:26:03'),
	('1507906767212105729', '1502546893753643010', '1506144477000859650', '2022-03-27 10:26:04', '2022-03-27 10:26:04'),
	('1526015264132853761', '1395268474480156674', '1195268474480156677', '2022-05-16 09:42:46', '2022-05-16 09:42:46'),
	('1526015264141242369', '1395268474480156674', '1195268474480156678', '2022-05-16 09:42:46', '2022-05-16 09:42:46'),
	('1526015264149630977', '1395268474480156674', '1195268474480156679', '2022-05-16 09:42:46', '2022-05-16 09:42:46'),
	('1526015264158019585', '1395268474480156674', '1504633021835083777', '2022-05-16 09:42:46', '2022-05-16 09:42:46'),
	('1526015264166408194', '1395268474480156674', '1195268474480156673', '2022-05-16 09:42:46', '2022-05-16 09:42:46'),
	('1526015264174796802', '1395268474480156674', '1195268474480156674', '2022-05-16 09:42:46', '2022-05-16 09:42:46'),
	('1526015264178991106', '1395268474480156674', '1195268474480156675', '2022-05-16 09:42:46', '2022-05-16 09:42:46'),
	('1526015264187379714', '1395268474480156674', '1501490155294052354', '2022-05-16 09:42:46', '2022-05-16 09:42:46'),
	('1526015264195768321', '1395268474480156674', '1501368407743528962', '2022-05-16 09:42:46', '2022-05-16 09:42:46'),
	('1526015264204156929', '1395268474480156674', '1501369279194071042', '2022-05-16 09:42:46', '2022-05-16 09:42:46'),
	('1526015264204156930', '1395268474480156674', '1506144477000859650', '2022-05-16 09:42:46', '2022-05-16 09:42:46'),
	('1526015264212545537', '1395268474480156674', '1513015571486470146', '2022-05-16 09:42:46', '2022-05-16 09:42:46'),
	('1526015264220934145', '1395268474480156674', '1515127581015547905', '2022-05-16 09:42:46', '2022-05-16 09:42:46'),
	('1526015264229322754', '1395268474480156674', '1508097474904268802', '2022-05-16 09:42:46', '2022-05-16 09:42:46'),
	('1526015264237711361', '1395268474480156674', '1508097940568481794', '2022-05-16 09:42:46', '2022-05-16 09:42:46'),
	('1526015264246099969', '1395268474480156674', '1508812944326385665', '2022-05-16 09:42:46', '2022-05-16 09:42:46'),
	('1526016183910166529', '1395268474480156673', '1195268474480156673', '2022-05-16 09:46:25', '2022-05-16 09:46:25'),
	('1526016183918555138', '1395268474480156673', '1195268474480156674', '2022-05-16 09:46:25', '2022-05-16 09:46:25'),
	('1526016183926943745', '1395268474480156673', '1195268474480156675', '2022-05-16 09:46:25', '2022-05-16 09:46:25'),
	('1526016183935332354', '1395268474480156673', '1195268474480156676', '2022-05-16 09:46:25', '2022-05-16 09:46:25'),
	('1526016183943720961', '1395268474480156673', '1195268474480156677', '2022-05-16 09:46:25', '2022-05-16 09:46:25'),
	('1526016183943720962', '1395268474480156673', '1195268474480156678', '2022-05-16 09:46:25', '2022-05-16 09:46:25'),
	('1526016183952109569', '1395268474480156673', '1195268474480156679', '2022-05-16 09:46:25', '2022-05-16 09:46:25'),
	('1526016183952109570', '1395268474480156673', '1501368407743528962', '2022-05-16 09:46:25', '2022-05-16 09:46:25'),
	('1526016183960498177', '1395268474480156673', '1501369279194071042', '2022-05-16 09:46:25', '2022-05-16 09:46:25'),
	('1526016183968886785', '1395268474480156673', '1501369997368082434', '2022-05-16 09:46:25', '2022-05-16 09:46:25'),
	('1526016183977275394', '1395268474480156673', '1501483509264281601', '2022-05-16 09:46:25', '2022-05-16 09:46:25'),
	('1526016183977275395', '1395268474480156673', '1501490155294052354', '2022-05-16 09:46:25', '2022-05-16 09:46:25'),
	('1526016183994052610', '1395268474480156673', '1503383805083586562', '2022-05-16 09:46:25', '2022-05-16 09:46:25'),
	('1526016183998246914', '1395268474480156673', '1504633021835083777', '2022-05-16 09:46:25', '2022-05-16 09:46:25'),
	('1526016183998246915', '1395268474480156673', '1506144477000859650', '2022-05-16 09:46:25', '2022-05-16 09:46:25'),
	('1526016184006635521', '1395268474480156673', '1508097474904268802', '2022-05-16 09:46:25', '2022-05-16 09:46:25'),
	('1526016184015024129', '1395268474480156673', '1508097940568481794', '2022-05-16 09:46:25', '2022-05-16 09:46:25'),
	('1526016184015024130', '1395268474480156673', '1508812944326385665', '2022-05-16 09:46:25', '2022-05-16 09:46:25'),
	('1526016184023412738', '1395268474480156673', '1513015571486470146', '2022-05-16 09:46:25', '2022-05-16 09:46:25'),
	('1526016184031801346', '1395268474480156673', '1515127581015547905', '2022-05-16 09:46:25', '2022-05-16 09:46:25'),
	('1526016184035995649', '1395268474480156673', '1525841882105839617', '2022-05-16 09:46:25', '2022-05-16 09:46:25'),
	('1526016184035995650', '1395268474480156673', '1525841954847653889', '2022-05-16 09:46:25', '2022-05-16 09:46:25'),
	('1526016184044384258', '1395268474480156673', '1525842038595321857', '2022-05-16 09:46:25', '2022-05-16 09:46:25'),
	('1526016184052772865', '1395268474480156673', '1525842246624411649', '2022-05-16 09:46:25', '2022-05-16 09:46:25'),
	('1526016184061161473', '1395268474480156673', '1525842314769268737', '2022-05-16 09:46:25', '2022-05-16 09:46:25'),
	('1526016184069550082', '1395268474480156673', '1525842371665002498', '2022-05-16 09:46:25', '2022-05-16 09:46:25'),
	('1526016184077938689', '1395268474480156673', '1525842436408279041', '2022-05-16 09:46:25', '2022-05-16 09:46:25'),
	('1526016184086327297', '1395268474480156673', '1525842506499293186', '2022-05-16 09:46:25', '2022-05-16 09:46:25'),
	('1526016184086327298', '1395268474480156673', '1525842561776025601', '2022-05-16 09:46:25', '2022-05-16 09:46:25'),
	('1526016184094715906', '1395268474480156673', '1525843118246920193', '2022-05-16 09:46:25', '2022-05-16 09:46:25'),
	('1526016184103104513', '1395268474480156673', '1525843281111744514', '2022-05-16 09:46:25', '2022-05-16 09:46:25'),
	('1526016184103104514', '1395268474480156673', '1525843351437639681', '2022-05-16 09:46:25', '2022-05-16 09:46:25'),
	('1526016184111493122', '1395268474480156673', '1525843407997829121', '2022-05-16 09:46:25', '2022-05-16 09:46:25'),
	('1526016184115687425', '1395268474480156673', '1525843528609234945', '2022-05-16 09:46:25', '2022-05-16 09:46:25'),
	('1526016184124076034', '1395268474480156673', '1525843884231688194', '2022-05-16 09:46:25', '2022-05-16 09:46:25'),
	('1526016184132464641', '1395268474480156673', '1525843954922487810', '2022-05-16 09:46:25', '2022-05-16 09:46:25'),
	('1526016184140853249', '1395268474480156673', '1525844040964440065', '2022-05-16 09:46:25', '2022-05-16 09:46:25'),
	('1526016184145047554', '1395268474480156673', '1525844298687643650', '2022-05-16 09:46:25', '2022-05-16 09:46:25'),
	('1526016184145047555', '1395268474480156673', '1525844355809869826', '2022-05-16 09:46:25', '2022-05-16 09:46:25'),
	('1526016184153436161', '1395268474480156673', '1525844427620548610', '2022-05-16 09:46:25', '2022-05-16 09:46:25'),
	('1526016184153436162', '1395268474480156673', '1525844698102824962', '2022-05-16 09:46:25', '2022-05-16 09:46:25'),
	('1526016184161824769', '1395268474480156673', '1525843063003742209', '2022-05-16 09:46:25', '2022-05-16 09:46:25');
/*!40000 ALTER TABLE `t_role_menu` ENABLE KEYS */;

-- 导出  表 mango_blog.t_sort 结构
DROP TABLE IF EXISTS `t_sort`;
CREATE TABLE IF NOT EXISTS `t_sort` (
  `id` varchar(19) CHARACTER SET utf8 COLLATE utf8_general_ci NOT NULL COMMENT '唯一id',
  `sort_name` varchar(255) DEFAULT NULL COMMENT '分类内容',
  `summary` varchar(255) DEFAULT NULL COMMENT '分类描述',
  `create_time` timestamp NOT NULL COMMENT '创建时间',
  `update_time` timestamp NOT NULL COMMENT '更新时间',
  `click_count` int DEFAULT '0' COMMENT '点击数',
  `sort_level` int DEFAULT '0' COMMENT '分类级别',
  PRIMARY KEY (`id`)
) ENGINE=InnoDB DEFAULT CHARSET=utf8mb3 COMMENT='博客分类表';

-- 正在导出表  mango_blog.t_sort 的数据：~0 rows (大约)
DELETE FROM `t_sort`;
/*!40000 ALTER TABLE `t_sort` DISABLE KEYS */;
INSERT INTO `t_sort` (`id`, `sort_name`, `summary`, `create_time`, `update_time`, `click_count`, `sort_level`) VALUES
	('1505006369916694530', '测试', '测试', '2022-03-19 10:20:55', '2022-03-19 10:27:49', 0, 2),
	('1506662963603652609', '测试', NULL, '2022-03-24 00:03:38', '2022-05-15 16:46:01', 0, 1),
	('1506663003336294401', '测试3', NULL, '2022-03-24 00:03:47', '2022-03-24 00:03:47', 0, 3),
	('1507905421998137346', 'test', '666', '2022-03-27 10:20:43', '2022-03-27 10:23:28', 0, 1);
/*!40000 ALTER TABLE `t_sort` ENABLE KEYS */;

-- 导出  表 mango_blog.t_tag 结构
DROP TABLE IF EXISTS `t_tag`;
CREATE TABLE IF NOT EXISTS `t_tag` (
  `id` varchar(19) CHARACTER SET utf8 COLLATE utf8_general_ci NOT NULL COMMENT '唯一id',
  `summary` varchar(1000) CHARACTER SET utf8 COLLATE utf8_general_ci DEFAULT NULL COMMENT '标签描述',
  `click_count` int NOT NULL DEFAULT '0' COMMENT '点击数',
  `create_time` timestamp NOT NULL COMMENT '创建时间',
  `update_time` timestamp NOT NULL COMMENT '更新时间',
  `sort` int DEFAULT '0' COMMENT '排序字段，越大越靠前',
  `tag_name` varchar(50) CHARACTER SET utf8 COLLATE utf8_general_ci DEFAULT NULL COMMENT '标签名',
  PRIMARY KEY (`id`)
) ENGINE=InnoDB DEFAULT CHARSET=utf8mb3 COMMENT='标签表';

-- 正在导出表  mango_blog.t_tag 的数据：~0 rows (大约)
DELETE FROM `t_tag`;
/*!40000 ALTER TABLE `t_tag` DISABLE KEYS */;
INSERT INTO `t_tag` (`id`, `summary`, `click_count`, `create_time`, `update_time`, `sort`, `tag_name`) VALUES
	('1506663317590327298', NULL, 0, '2022-03-24 00:05:02', '2022-05-15 18:01:44', 999, '测试1'),
	('1507906192298856450', NULL, 0, '2022-03-27 10:23:46', '2022-03-27 10:23:50', 999, '123'),
	('1525798034717634562', '123', 0, '2022-05-15 19:19:34', '2022-05-15 19:19:34', 999, '1231'),
	('1525798174618644481', '12345', 0, '2022-05-15 19:20:07', '2022-05-15 19:20:07', 999, '12315');
/*!40000 ALTER TABLE `t_tag` ENABLE KEYS */;

-- 导出  表 mango_blog.t_todo 结构
DROP TABLE IF EXISTS `t_todo`;
CREATE TABLE IF NOT EXISTS `t_todo` (
  `id` varchar(19) CHARACTER SET utf8 COLLATE utf8_general_ci NOT NULL COMMENT '唯一id',
  `admin_id` varchar(19) CHARACTER SET utf8 COLLATE utf8_general_ci DEFAULT NULL COMMENT '管理员id',
  `text` varchar(255) DEFAULT NULL COMMENT '内容',
  `done` tinyint unsigned NOT NULL DEFAULT '0' COMMENT '表示事项是否完成（0：未完成 1：已完成）',
  `status` tinyint unsigned NOT NULL DEFAULT '1' COMMENT '状态',
  `create_time` timestamp NOT NULL COMMENT '创建时间',
  `update_time` timestamp NOT NULL COMMENT '更新时间',
  PRIMARY KEY (`id`)
) ENGINE=InnoDB DEFAULT CHARSET=utf8mb3 COMMENT='待办事项表';

-- 正在导出表  mango_blog.t_todo 的数据：~0 rows (大约)
DELETE FROM `t_todo`;
/*!40000 ALTER TABLE `t_todo` DISABLE KEYS */;
/*!40000 ALTER TABLE `t_todo` ENABLE KEYS */;

-- 导出  表 mango_blog.t_user 结构
DROP TABLE IF EXISTS `t_user`;
CREATE TABLE IF NOT EXISTS `t_user` (
  `id` varchar(19) CHARACTER SET utf8 COLLATE utf8_general_ci NOT NULL COMMENT '唯一id',
  `user_name` varchar(255) NOT NULL COMMENT '用户名',
  `pass_word` varchar(32) NOT NULL COMMENT '密码',
  `gender` tinyint unsigned DEFAULT NULL COMMENT '性别(1:男2:女)',
  `avatar` varchar(100) DEFAULT NULL COMMENT '个人头像',
  `birthday` date DEFAULT NULL COMMENT '出生年月日',
  `mobile` varchar(50) DEFAULT NULL COMMENT '手机',
  `login_count` int unsigned DEFAULT '0' COMMENT '登录次数',
  `last_login_time` datetime DEFAULT NULL COMMENT '最后登录时间',
  `last_login_ip` varchar(50) DEFAULT '127.0.0.1' COMMENT '最后登录IP',
  `status` tinyint unsigned NOT NULL DEFAULT '1' COMMENT '状态',
  `create_time` timestamp NOT NULL COMMENT '创建时间',
  `update_time` timestamp NOT NULL COMMENT '更新时间',
  `nick_name` varchar(255) DEFAULT NULL COMMENT '昵称',
  `qq_number` varchar(20) DEFAULT NULL COMMENT 'QQ号',
  `we_chat` varchar(255) DEFAULT NULL COMMENT '微信号',
  `comment_status` tinyint(1) NOT NULL DEFAULT '1' COMMENT '评论状态 1:正常 0:禁言',
  `user_tag` tinyint(1) NOT NULL DEFAULT '0' COMMENT '用户标签：0：普通用户，1：管理员，2：博主 等',
  PRIMARY KEY (`id`),
  UNIQUE KEY `idx_mobile` (`mobile`)
) ENGINE=InnoDB DEFAULT CHARSET=utf8mb3 COMMENT='用户表';

-- 正在导出表  mango_blog.t_user 的数据：~0 rows (大约)
DELETE FROM `t_user`;
/*!40000 ALTER TABLE `t_user` DISABLE KEYS */;
/*!40000 ALTER TABLE `t_user` ENABLE KEYS */;

-- 导出  表 mango_blog.t_web_config 结构
DROP TABLE IF EXISTS `t_web_config`;
CREATE TABLE IF NOT EXISTS `t_web_config` (
  `id` varchar(50) CHARACTER SET utf8 COLLATE utf8_general_ci NOT NULL COMMENT '主键',
  `logo` varchar(255) NOT NULL COMMENT 'logo(文件ID)',
  `name` varchar(255) NOT NULL COMMENT '网站名称',
  `summary` varchar(255) NOT NULL COMMENT '介绍',
  `keyword` varchar(255) NOT NULL COMMENT '关键字',
  `author` varchar(255) NOT NULL COMMENT '作者',
  `record_num` varchar(255) NOT NULL COMMENT '备案号',
  `status` tinyint(1) DEFAULT '1' COMMENT '状态',
  `create_time` timestamp NOT NULL COMMENT '创建时间',
  `update_time` timestamp NOT NULL COMMENT '更新时间',
  `title` varchar(255) DEFAULT NULL COMMENT '标题',
  `ali_pay` varchar(32) DEFAULT NULL COMMENT '支付宝收款码FileId',
  `weixin_pay` varchar(32) DEFAULT NULL COMMENT '微信收款码FileId',
  `github` varchar(255) DEFAULT NULL COMMENT 'github地址',
  `gitee` varchar(255) DEFAULT NULL COMMENT 'gitee地址',
  `qq_number` varchar(20) DEFAULT NULL COMMENT 'QQ号',
  `we_chat` varchar(255) DEFAULT NULL COMMENT '微信号',
  `email` varchar(255) DEFAULT NULL COMMENT '邮箱',
  `show_list` varchar(255) DEFAULT NULL COMMENT '显示的列表（用于控制邮箱、QQ、Github、Gitee、微信是否显示在前端）',
  `login_type_list` varchar(255) DEFAULT NULL COMMENT '登录方式列表（用于控制前端登录方式，如账号密码,码云,Github,QQ,微信）',
  `open_comment` varchar(1) DEFAULT '1' COMMENT '是否开启评论(0:否 1:是)',
  `open_admiration` tinyint(1) NOT NULL DEFAULT '0' COMMENT '是否开启赞赏(0:否， 1:是)',
  `link_apply_template` varchar(2021) DEFAULT NULL COMMENT '友链申请模板,添加友链申请模板格式',
  PRIMARY KEY (`id`)
) ENGINE=InnoDB DEFAULT CHARSET=utf8mb3 COMMENT='web配置表';

-- 正在导出表  mango_blog.t_web_config 的数据：~0 rows (大约)
DELETE FROM `t_web_config`;
/*!40000 ALTER TABLE `t_web_config` DISABLE KEYS */;
/*!40000 ALTER TABLE `t_web_config` ENABLE KEYS */;

-- 导出  表 mango_blog.t_web_visit 结构
DROP TABLE IF EXISTS `t_web_visit`;
CREATE TABLE IF NOT EXISTS `t_web_visit` (
  `id` varchar(19) NOT NULL COMMENT '主键',
  `user_id` varchar(255) DEFAULT NULL COMMENT '用户id',
  `ip` varchar(255) DEFAULT NULL COMMENT '访问ip地址',
  `create_time` timestamp NOT NULL COMMENT '创建时间',
  `update_time` timestamp NOT NULL COMMENT '更新时间',
  `os` varchar(255) DEFAULT NULL COMMENT '操作系统',
  `browser` varchar(255) DEFAULT NULL COMMENT '浏览器',
  `ip_source` varchar(255) DEFAULT NULL COMMENT 'ip来源',
  `behavior` varchar(255) CHARACTER SET utf8 COLLATE utf8_general_ci DEFAULT NULL COMMENT '用户行为',
  `content` varchar(255) CHARACTER SET utf8 COLLATE utf8_general_ci DEFAULT NULL COMMENT '行为内容',
  `request_time` timestamp NULL DEFAULT NULL COMMENT '请求时间',
  `is_menu` tinyint unsigned NOT NULL DEFAULT '0' COMMENT '是否是菜单1:是0:否',
  PRIMARY KEY (`id`)
) ENGINE=InnoDB DEFAULT CHARSET=utf8mb3 COMMENT='Web访问记录表';

-- 正在导出表  mango_blog.t_web_visit 的数据：~0 rows (大约)
DELETE FROM `t_web_visit`;
/*!40000 ALTER TABLE `t_web_visit` DISABLE KEYS */;
INSERT INTO `t_web_visit` (`id`, `user_id`, `ip`, `create_time`, `update_time`, `os`, `browser`, `ip_source`, `behavior`, `content`, `request_time`, `is_menu`) VALUES
	('1', '1', '1', '2022-04-17 10:19:36', '2022-04-17 10:19:36', NULL, NULL, NULL, '点击博客', NULL, '2022-04-17 10:19:39', 1),
	('10', NULL, NULL, '2022-04-17 17:31:07', '2022-04-17 17:31:08', NULL, NULL, NULL, '点击作者', NULL, '2022-04-17 17:31:08', 1),
	('11', NULL, NULL, '2022-04-17 17:31:17', '2022-04-17 17:31:18', NULL, NULL, NULL, '点击博客标签页面', NULL, '2022-04-17 17:31:19', 1),
	('2', '2', '1', '2022-04-17 10:19:46', '2022-04-17 10:19:46', NULL, NULL, NULL, '点击博客分类页面', NULL, '2022-04-17 10:19:48', 1),
	('3', NULL, NULL, '2022-04-17 10:45:45', '2022-04-17 10:45:45', NULL, NULL, NULL, '点击博客', NULL, '2022-04-17 10:45:48', 1),
	('4', NULL, NULL, '2022-04-16 10:46:05', '2022-04-17 10:46:06', NULL, NULL, NULL, '点击博客', NULL, '2022-04-16 10:46:11', 1),
	('5', NULL, NULL, '2022-04-17 17:29:18', '2022-04-17 17:29:18', NULL, NULL, NULL, '点击首页', NULL, '2022-04-17 17:29:24', 1),
	('6', NULL, NULL, '2022-04-17 17:29:45', '2022-04-17 17:29:45', NULL, NULL, NULL, '点击友情链接', NULL, '2022-04-17 17:29:46', 1),
	('7', NULL, NULL, '2022-04-17 17:30:20', '2022-04-17 17:30:20', NULL, NULL, NULL, '点击归档', NULL, '2022-04-17 17:30:21', 1),
	('8', NULL, NULL, '2022-04-17 17:30:34', '2022-04-17 17:30:34', NULL, NULL, NULL, '点击归档', NULL, '2022-04-17 17:30:39', 1),
	('9', NULL, NULL, '2022-04-17 17:30:47', '2022-04-17 17:30:47', NULL, NULL, NULL, '点击归档', NULL, '2022-04-17 17:30:52', 1);
/*!40000 ALTER TABLE `t_web_visit` ENABLE KEYS */;

/*!40101 SET SQL_MODE=IFNULL(@OLD_SQL_MODE, '') */;
/*!40014 SET FOREIGN_KEY_CHECKS=IF(@OLD_FOREIGN_KEY_CHECKS IS NULL, 1, @OLD_FOREIGN_KEY_CHECKS) */;
/*!40101 SET CHARACTER_SET_CLIENT=@OLD_CHARACTER_SET_CLIENT */;
